brain_tumor_vit_10,0.6367334127426147,0.5243972539901733,0.6691559274145897,8,0,0
brain_tumor_vit_10,0.8214085698127747,0.5888614654541016,0.7067162312091665,7,0,0
brain_tumor_vit_10,0.6733633875846863,0.7486662864685059,0.7037052829214867,14,0,0
brain_tumor_vit_10,0.7417259216308594,0.9159145355224609,0.6991620761282901,23,0,0
brain_tumor_vit_10,0.6475964784622192,0.6487356424331665,0.6700563259581302,16,0,0
brain_tumor_vit_10,0.6593080759048462,0.6649026870727539,0.7226846344927524,21,0,0
brain_tumor_vit_10,0.6713475584983826,0.6303607225418091,0.6622112006583112,13,0,0
brain_tumor_vit_10,0.7677851915359497,0.6972084641456604,0.7324592762805046,0,0,0
brain_tumor_vit_10,0.7390504479408264,0.6039710640907288,0.715702383442128,12,0,0
brain_tumor_vit_10,0.6061835885047913,0.658003032207489,0.6681982354914888,4,0,0
brain_tumor_vit_10,0.7770686149597168,0.6730036735534668,0.7183259478274812,10,0,0
brain_tumor_vit_10,0.6005545258522034,0.6003214120864868,0.6994174839334285,24,0,0
brain_tumor_vit_10,0.6904354691505432,0.8294844031333923,0.6993351039734292,9,0,0
brain_tumor_vit_10,0.7196058630943298,0.6363315582275391,0.7559994966425794,18,0,0
brain_tumor_vit_10,0.7371924519538879,0.631493091583252,0.7145711817639939,11,0,0
brain_tumor_vit_10,0.6734541654586792,0.693732500076294,0.6988921622012524,3,0,0
brain_tumor_vit_10,0.6429654955863953,0.676280677318573,0.6705062890306432,28,0,0
brain_tumor_vit_10,0.6379666328430176,0.7316782474517822,0.7472134264225655,17,0,0
brain_tumor_vit_10,0.8479766249656677,0.641949474811554,0.7420715898909467,1,0,0
brain_tumor_vit_10,0.6590033769607544,0.7248717546463013,0.6734263288213852,5,0,0
brain_tumor_vit_10,0.700809895992279,0.6565001010894775,0.6624406125951321,26,0,0
brain_tumor_vit_10,0.792556643486023,0.9894158840179443,0.7266495868246606,15,0,0
brain_tumor_vit_10,0.7527955174446106,0.8182397484779358,0.7016960204915798,19,0,0
brain_tumor_vit_10,0.6444751620292664,0.8199679851531982,0.7082500432399993,25,0,0
brain_tumor_vit_10,0.7729427814483643,0.6176714897155762,0.7258283793926239,2,0,0
brain_tumor_vit_10,0.6816346645355225,0.5727987289428711,0.7066770652507214,27,0,0
brain_tumor_vit_50,0.725255697965622,0.6902669668197632,0.699055265995764,1,0,0
brain_tumor_vit_10,0.7069460153579712,0.5436606407165527,0.686252827339984,20,0,0
brain_tumor_vit_10,0.6499319672584534,0.6490476131439209,0.6366433678789342,6,0,0
brain_tumor_vit_10,0.6513166427612305,0.7848547101020813,0.6831174809881981,29,0,0
brain_tumor_vit_50,0.6089833676815033,0.7390385866165161,0.6661067252518028,0,0,0
brain_tumor_vit_10,0.6746490001678467,0.8403028249740601,0.6731401605808989,22,0,0
brain_tumor_vit_10,0.7616438269615173,0.5723772644996643,0.6915847760565738,7,1,0
brain_tumor_vit_10,0.5767274498939514,0.4837760627269745,0.6519892196706001,8,1,0
brain_tumor_vit_10,0.6090195178985596,0.652354896068573,0.7047128911982191,21,1,0
brain_tumor_vit_10,0.6143561601638794,0.5998226404190063,0.6414409679301242,13,1,0
brain_tumor_vit_10,0.5842341184616089,0.6363036632537842,0.6511463402433598,16,1,0
brain_tumor_vit_10,0.6812371015548706,0.8720866441726685,0.6809682484636915,23,1,0
brain_tumor_vit_10,0.6901426911354065,0.6556679010391235,0.7000362473599454,0,1,0
brain_tumor_vit_10,0.6224281191825867,0.7346234321594238,0.6966510681395836,14,1,0
brain_tumor_vit_10,0.6397525668144226,0.5863441228866577,0.7324054310930536,18,1,0
brain_tumor_vit_10,0.6160194277763367,0.7283334732055664,0.6848688480701852,3,1,0
brain_tumor_vit_10,0.6410155892372131,0.8387685418128967,0.6864877945565163,9,1,0
brain_tumor_vit_10,0.6671181321144104,0.6210261583328247,0.6932322173676593,11,1,0
brain_tumor_vit_10,0.5476018786430359,0.5821555852890015,0.6909100362595092,24,1,0
brain_tumor_vit_10,0.5778115391731262,0.6533113718032837,0.6575205281693884,28,1,0
brain_tumor_vit_10,0.7144004702568054,0.6572706699371338,0.6994720266220418,10,1,0
brain_tumor_vit_10,0.5836215019226074,0.7069236040115356,0.7372589878579403,17,1,0
brain_tumor_vit_10,0.6049796938896179,0.6999047994613647,0.6562891114265361,5,1,0
brain_tumor_vit_10,0.6330603957176208,0.6416882276535034,0.640850786198961,26,1,0
brain_tumor_vit_10,0.7242178916931152,0.9518643617630005,0.7116353543514901,15,1,0
brain_tumor_vit_10,0.5798910856246948,0.7947101593017578,0.6829444899203929,25,1,0
brain_tumor_vit_10,0.6796144247055054,0.8100700378417969,0.6868429646847096,19,1,0
brain_tumor_vit_10,0.5576221942901611,0.6412997841835022,0.6596682686754998,4,1,0
brain_tumor_vit_10,0.6799125671386719,0.5836319923400879,0.6986354519712165,12,1,0
brain_tumor_vit_10,0.7803676128387451,0.6528635621070862,0.7176693937879928,1,1,0
brain_tumor_vit_10,0.7043147087097168,0.5859183073043823,0.7026573806367022,2,1,0
brain_tumor_vit_10,0.6465937495231628,0.5301371216773987,0.6715619050441904,20,1,0
brain_tumor_vit_50,0.5992897152900696,0.6407057046890259,0.6661923252126222,1,1,0
brain_tumor_vit_10,0.5912723541259766,0.7837159037590027,0.6659087094854801,29,1,0
brain_tumor_vit_10,0.6232135891914368,0.5621795058250427,0.6906965520787747,27,1,0
brain_tumor_vit_50,0.5818406939506531,0.7150610685348511,0.6310101068148048,0,1,0
brain_tumor_vit_10,0.5911808609962463,0.6377792358398438,0.6171728112596147,6,1,0
brain_tumor_vit_10,0.6198418140411377,0.8362037539482117,0.6542404832992148,22,1,0
brain_tumor_vit_10,0.7070984840393066,0.5572316646575928,0.6776292203588689,7,2,0
brain_tumor_vit_10,0.5223088264465332,0.44682005047798157,0.6366662953762298,8,2,0
brain_tumor_vit_10,0.5619081258773804,0.5720094442367554,0.6226768709243612,13,2,0
brain_tumor_vit_10,0.5304914712905884,0.6314783096313477,0.634716900739264,16,2,0
brain_tumor_vit_10,0.6255414485931396,0.8336706757545471,0.6649619144328097,23,2,0
brain_tumor_vit_10,0.5623344779014587,0.6419098377227783,0.6881550131960118,21,2,0
brain_tumor_vit_10,0.6227219104766846,0.6201027631759644,0.6737406691338154,0,2,0
brain_tumor_vit_10,0.5698265433311462,0.5415972471237183,0.7128225431797353,18,2,0
brain_tumor_vit_10,0.5748629570007324,0.7224543690681458,0.6904704989270961,14,2,0
brain_tumor_vit_10,0.5626079440116882,0.7640804052352905,0.6720469898365914,3,2,0
brain_tumor_vit_10,0.4995730519294739,0.5661180019378662,0.6832365076592628,24,2,0
brain_tumor_vit_10,0.6067960858345032,0.615633487701416,0.6775998783872482,11,2,0
brain_tumor_vit_10,0.6564906239509583,0.6432225704193115,0.6832789842118608,10,2,0
brain_tumor_vit_10,0.5950853824615479,0.8475167751312256,0.6746433770402949,9,2,0
brain_tumor_vit_10,0.555826723575592,0.6783063411712646,0.6414473874771849,5,2,0
brain_tumor_vit_10,0.5187665224075317,0.6313048601150513,0.6465348385749979,28,2,0
brain_tumor_vit_10,0.5341061353683472,0.6839117407798767,0.7287279063082756,17,2,0
brain_tumor_vit_10,0.5717155933380127,0.6273127794265747,0.6212496478506859,26,2,0
brain_tumor_vit_10,0.6263071894645691,0.5663609504699707,0.684723528141671,12,2,0
brain_tumor_vit_10,0.6608642935752869,0.9172648191452026,0.6994723322543692,15,2,0
brain_tumor_vit_10,0.7170718312263489,0.6634896993637085,0.6949278547408733,1,2,0
brain_tumor_vit_10,0.5224050283432007,0.7729763984680176,0.6607730515459751,25,2,0
brain_tumor_vit_10,0.5145154595375061,0.6295852661132812,0.6541429707344543,4,2,0
brain_tumor_vit_10,0.6404867768287659,0.5561589002609253,0.6809458631150266,2,2,0
brain_tumor_vit_10,0.6135073900222778,0.8019604086875916,0.6745996323037655,19,2,0
brain_tumor_vit_10,0.5911332964897156,0.5167933106422424,0.6585030264042794,20,2,0
brain_tumor_vit_50,0.5605335533618927,0.5938595533370972,0.6372824580438675,1,2,0
brain_tumor_vit_10,0.5359807014465332,0.7822737693786621,0.6497876187588306,29,2,0
brain_tumor_vit_50,0.5100905746221542,0.6955431699752808,0.6019503544735653,0,2,0
brain_tumor_vit_10,0.5721081495285034,0.5530827045440674,0.6789014631129325,27,2,0
brain_tumor_vit_10,0.5688121318817139,0.8340697288513184,0.6368043238812304,22,2,0
brain_tumor_vit_10,0.5384737253189087,0.6274439096450806,0.6001720307989323,6,2,0
brain_tumor_vit_10,0.657265305519104,0.542809247970581,0.6645171261848287,7,3,0
brain_tumor_vit_10,0.4728872776031494,0.41319018602371216,0.6228453555005662,8,3,0
brain_tumor_vit_10,0.4835200011730194,0.6312397718429565,0.6195545050692051,16,3,0
brain_tumor_vit_10,0.5138657093048096,0.5468370914459229,0.6058260246794275,13,3,0
brain_tumor_vit_10,0.5744845867156982,0.7999675869941711,0.6508351317111482,23,3,0
brain_tumor_vit_10,0.5645663142204285,0.5895175337791443,0.6522701782114962,0,3,0
brain_tumor_vit_10,0.5083953738212585,0.5004082918167114,0.6962459081030906,18,3,0
brain_tumor_vit_10,0.5305745005607605,0.7116862535476685,0.6849840600439843,14,3,0
brain_tumor_vit_10,0.5191113948822021,0.6332631707191467,0.6728961455061081,21,3,0
brain_tumor_vit_10,0.4556765854358673,0.5517499446868896,0.6758741856889522,24,3,0
brain_tumor_vit_10,0.4889747202396393,0.6622185707092285,0.7214138596615893,17,3,0
brain_tumor_vit_10,0.513160228729248,0.8007208704948425,0.6603813355273389,3,3,0
brain_tumor_vit_10,0.5109058022499084,0.6589545011520386,0.6284783089414556,5,3,0
brain_tumor_vit_10,0.5538814663887024,0.6132951974868774,0.665218194114401,11,3,0
brain_tumor_vit_10,0.6030722260475159,0.6299831867218018,0.6693563911509006,10,3,0
brain_tumor_vit_10,0.4654666781425476,0.6098054051399231,0.6371044117085477,28,3,0
brain_tumor_vit_10,0.5773422718048096,0.5510934591293335,0.6730222873231198,12,3,0
brain_tumor_vit_10,0.5521329641342163,0.8553325533866882,0.6634542288932395,9,3,0
brain_tumor_vit_10,0.516343891620636,0.6125439405441284,0.6033774715788821,26,3,0
brain_tumor_vit_10,0.47568070888519287,0.6207340955734253,0.6507296118330448,4,3,0
brain_tumor_vit_10,0.6581383347511292,0.6736472249031067,0.6738468896835408,1,3,0
brain_tumor_vit_10,0.4714038372039795,0.7543179988861084,0.6412858734739587,25,3,0
brain_tumor_vit_10,0.5814973711967468,0.5285347700119019,0.6607179419791445,2,3,0
brain_tumor_vit_10,0.6023563742637634,0.8857791423797607,0.6897441852600017,15,3,0
brain_tumor_vit_10,0.5541858673095703,0.7939428687095642,0.664442518924145,19,3,0
brain_tumor_vit_10,0.5401273965835571,0.5035086274147034,0.6467175959272587,20,3,0
brain_tumor_vit_50,0.5060108751058578,0.5512096881866455,0.610191600297087,1,3,0
brain_tumor_vit_50,0.4430432468652725,0.6790428757667542,0.5772786220555665,0,3,0
brain_tumor_vit_10,0.4852796196937561,0.7803144454956055,0.6346801671575992,29,3,0
brain_tumor_vit_10,0.5214752554893494,0.8339301943778992,0.6207269499910638,22,3,0
brain_tumor_vit_10,0.5263658761978149,0.5440840721130371,0.6699743993738865,27,3,0
brain_tumor_vit_10,0.4910252094268799,0.617901086807251,0.5852297379615459,6,3,0
brain_tumor_vit_10,0.6115537881851196,0.5289748311042786,0.6520638377108472,7,4,0
brain_tumor_vit_10,0.47003504633903503,0.5240554809570312,0.5907342662202552,13,4,0
brain_tumor_vit_10,0.42798274755477905,0.3826366066932678,0.6103134085523322,8,4,0
brain_tumor_vit_10,0.4412524700164795,0.6334295868873596,0.6050749750847512,16,4,0
brain_tumor_vit_10,0.527862548828125,0.7705066204071045,0.6384095733470105,23,4,0
brain_tumor_vit_10,0.5141642689704895,0.5630884766578674,0.6342646860061808,0,4,0
brain_tumor_vit_10,0.45405781269073486,0.4622246026992798,0.6819898498819229,18,4,0
brain_tumor_vit_10,0.4792189598083496,0.6260124444961548,0.6589112478367826,21,4,0
brain_tumor_vit_10,0.48944681882858276,0.7020239233970642,0.6800548244029918,14,4,0
brain_tumor_vit_10,0.41547590494155884,0.538612425327301,0.6686697576908355,24,4,0
brain_tumor_vit_10,0.4675700068473816,0.8382953405380249,0.649847759845409,3,4,0
brain_tumor_vit_10,0.4696098268032074,0.6410526633262634,0.6170118552573184,5,4,0
brain_tumor_vit_10,0.447804719209671,0.6415126323699951,0.7151594491715126,17,4,0
brain_tumor_vit_10,0.5537344217300415,0.6167879700660706,0.657249095592093,10,4,0
brain_tumor_vit_10,0.4175148904323578,0.588667094707489,0.6289060350428236,28,4,0
brain_tumor_vit_10,0.5272893309593201,0.5030428171157837,0.6419885437539283,2,4,0
brain_tumor_vit_10,0.4664437174797058,0.5969806909561157,0.5870989269398629,26,4,0
brain_tumor_vit_10,0.5062398314476013,0.6124286651611328,0.6543838597358541,11,4,0
brain_tumor_vit_10,0.44007790088653564,0.6133220195770264,0.6486826190289031,4,4,0
brain_tumor_vit_10,0.5321524143218994,0.5370998978614807,0.6628308866886382,12,4,0
brain_tumor_vit_10,0.5117915868759155,0.8621066212654114,0.6526945968891712,9,4,0
brain_tumor_vit_10,0.4261339604854584,0.7378702759742737,0.6240043259681539,25,4,0
brain_tumor_vit_10,0.501127302646637,0.7861196994781494,0.655960739292997,19,4,0
brain_tumor_vit_10,0.5485146045684814,0.8576368093490601,0.6820552057408272,15,4,0
brain_tumor_vit_50,0.40543432533741,0.669007420539856,0.5573498484908893,0,4,0
brain_tumor_vit_50,0.46538427472114563,0.512803316116333,0.5836942618893038,1,4,0
brain_tumor_vit_10,0.49320897459983826,0.490195095539093,0.6359566855937877,20,4,0
brain_tumor_vit_10,0.6035251617431641,0.683200478553772,0.6544062159162887,1,4,0
brain_tumor_vit_10,0.4389535188674927,0.7776804566383362,0.6206326801726159,29,4,0
brain_tumor_vit_10,0.47772857546806335,0.8357868194580078,0.6059555734725709,22,4,0
brain_tumor_vit_10,0.4845364987850189,0.5345828533172607,0.6630013382181208,27,4,0
brain_tumor_vit_10,0.44814571738243103,0.6090978980064392,0.5720050227134785,6,4,0
brain_tumor_vit_10,0.5694299340248108,0.515680193901062,0.6402261250830711,7,5,0
brain_tumor_vit_10,0.43016862869262695,0.5034512281417847,0.5772126963798035,13,5,0
brain_tumor_vit_10,0.3872144818305969,0.35493046045303345,0.5989489637790842,8,5,0
brain_tumor_vit_10,0.40246161818504333,0.6366438269615173,0.5911306726171616,16,5,0
brain_tumor_vit_10,0.4853999614715576,0.7448582053184509,0.6274916910110636,23,5,0
brain_tumor_vit_10,0.4056677222251892,0.4267996549606323,0.6696598529815674,18,5,0
brain_tumor_vit_10,0.46982133388519287,0.5401753187179565,0.6185457807906131,0,5,0
brain_tumor_vit_10,0.3787185549736023,0.5263981819152832,0.6616526880162827,24,5,0
brain_tumor_vit_10,0.45134738087654114,0.6932834386825562,0.6755921954804278,14,5,0
brain_tumor_vit_10,0.4315301179885864,0.6241152286529541,0.6067884558058799,5,5,0
brain_tumor_vit_10,0.442499041557312,0.6197810173034668,0.6461947211559783,21,5,0
brain_tumor_vit_10,0.42569661140441895,0.8768072724342346,0.6404132126493657,3,5,0
brain_tumor_vit_10,0.5081191062927246,0.6032573580741882,0.6465962262863808,10,5,0
brain_tumor_vit_10,0.4102330803871155,0.621575117111206,0.7099018477379008,17,5,0
brain_tumor_vit_10,0.42156046628952026,0.5804385542869568,0.572357307723228,26,5,0
brain_tumor_vit_10,0.47772297263145447,0.47954946756362915,0.62475179167504,2,5,0
brain_tumor_vit_10,0.49023202061653137,0.5239443182945251,0.6537358247219248,12,5,0
brain_tumor_vit_10,0.3745216131210327,0.5679158568382263,0.6217490758033509,28,5,0
brain_tumor_vit_10,0.46245449781417847,0.6119422912597656,0.644133967287997,11,5,0
brain_tumor_vit_10,0.473879873752594,0.8679423928260803,0.6422937683602596,9,5,0
brain_tumor_vit_10,0.4071316719055176,0.6065026521682739,0.647571050106211,4,5,0
brain_tumor_vit_10,0.3858095705509186,0.7229326963424683,0.6085212002409265,25,5,0
brain_tumor_vit_50,0.3925633281469345,0.6587831377983093,0.5396053108476824,0,5,0
brain_tumor_vit_50,0.416965126991272,0.48147526383399963,0.5609134493335601,1,5,0
brain_tumor_vit_10,0.45373696088790894,0.7784961462020874,0.6487849982495003,19,5,0
brain_tumor_vit_10,0.4500707983970642,0.4768804609775543,0.6261018045405125,20,5,0
brain_tumor_vit_10,0.4991568624973297,0.8330039978027344,0.6761066495104039,15,5,0
brain_tumor_vit_10,0.5531105399131775,0.6921175718307495,0.6365652693078873,1,5,0
brain_tumor_vit_10,0.4374503791332245,0.839522123336792,0.5924708259866592,22,5,0
brain_tumor_vit_10,0.396776020526886,0.7743099927902222,0.6077241701014499,29,5,0
brain_tumor_vit_10,0.40927577018737793,0.6010560393333435,0.5602493904372479,6,5,0
brain_tumor_vit_10,0.4457329213619232,0.5245660543441772,0.6574866568788569,27,5,0
brain_tumor_vit_10,0.5304865837097168,0.5029325485229492,0.6290721164104787,7,6,0
brain_tumor_vit_10,0.3939877450466156,0.4848617911338806,0.5650822475869605,13,6,0
brain_tumor_vit_10,0.4467785060405731,0.7225840091705322,0.6178724772118508,23,6,0
brain_tumor_vit_10,0.3502613306045532,0.329837828874588,0.5886821981440199,8,6,0
brain_tumor_vit_10,0.36657649278640747,0.6401112079620361,0.5778311849274533,16,6,0
brain_tumor_vit_10,0.36238786578178406,0.3939647674560547,0.6590669789212815,18,6,0
brain_tumor_vit_10,0.4299844205379486,0.520344614982605,0.6042895519987066,0,6,0
brain_tumor_vit_10,0.4087679386138916,0.6142986416816711,0.6347224858212979,21,6,0
brain_tumor_vit_10,0.3452165424823761,0.5148721933364868,0.6549309200428902,24,6,0
brain_tumor_vit_10,0.41613566875457764,0.6853585839271545,0.671532300558496,14,6,0
brain_tumor_vit_10,0.3964391052722931,0.6079371571540833,0.5976427508161423,5,6,0
brain_tumor_vit_10,0.46596553921699524,0.5893023610115051,0.6371358277949881,10,6,0
brain_tumor_vit_10,0.3873749375343323,0.9161268472671509,0.6320358622581401,3,6,0
brain_tumor_vit_10,0.43259477615356445,0.4578882157802582,0.608976218928682,2,6,0
brain_tumor_vit_10,0.438346266746521,0.8730821013450623,0.63227771254296,9,6,0
brain_tumor_vit_10,0.3759644031524658,0.6023287177085876,0.7056332217886093,17,6,0
brain_tumor_vit_10,0.3360978662967682,0.5475609302520752,0.615502102260894,28,6,0
brain_tumor_vit_10,0.38128015398979187,0.5629264116287231,0.5591230934604685,26,6,0
brain_tumor_vit_10,0.42178961634635925,0.6112046837806702,0.6340397203222234,11,6,0
brain_tumor_vit_10,0.37660276889801025,0.599885106086731,0.647176463553246,4,6,0
brain_tumor_vit_10,0.45136216282844543,0.5114049315452576,0.6455346840493222,12,6,0
brain_tumor_vit_50,0.33735162019729614,0.649544358253479,0.5249540623157255,0,6,0
brain_tumor_vit_50,0.3846205025911331,0.45614179968833923,0.5410746368028785,1,6,0
brain_tumor_vit_10,0.4104684293270111,0.46369045972824097,0.6171145026988172,20,6,0
brain_tumor_vit_10,0.34977564215660095,0.7090930938720703,0.5945579644213331,25,6,0
brain_tumor_vit_10,0.45408183336257935,0.8119324445724487,0.6716648796771435,15,6,0
brain_tumor_vit_10,0.5067223906517029,0.7003902196884155,0.6202659353296808,1,6,0
brain_tumor_vit_10,0.4113878011703491,0.7711186408996582,0.6426317596689184,19,6,0
brain_tumor_vit_10,0.40049657225608826,0.8448910713195801,0.5802738660193504,22,6,0
brain_tumor_vit_10,0.37397897243499756,0.593799889087677,0.549797164949965,6,6,0
brain_tumor_vit_10,0.3585245609283447,0.7702850699424744,0.5960178086732296,29,6,0
brain_tumor_vit_10,0.4095648527145386,0.5142959356307983,0.6532188875878111,27,6,0
brain_tumor_vit_10,0.49443554878234863,0.49079054594039917,0.6187088286623041,7,7,0
brain_tumor_vit_10,0.36119696497917175,0.46819111704826355,0.5541963491668093,13,7,0
brain_tumor_vit_10,0.3168445825576782,0.30712974071502686,0.5794710333042956,8,7,0
brain_tumor_vit_10,0.411659300327301,0.703309178352356,0.609370636179092,23,7,0
brain_tumor_vit_10,0.3334187865257263,0.6435232162475586,0.5653899388110384,16,7,0
brain_tumor_vit_10,0.3147846758365631,0.5038447976112366,0.6486289640690418,24,7,0
brain_tumor_vit_10,0.3236411511898041,0.36359962821006775,0.6501458674035174,18,7,0
brain_tumor_vit_10,0.3935025930404663,0.5033685564994812,0.5910558389856461,0,7,0
brain_tumor_vit_10,0.3778207302093506,0.6094463467597961,0.62443637721082,21,7,0
brain_tumor_vit_10,0.38366395235061646,0.6781949996948242,0.6678297576752115,14,7,0
brain_tumor_vit_10,0.42709463834762573,0.5750217437744141,0.6286779984514764,10,7,0
brain_tumor_vit_10,0.36419573426246643,0.592515230178833,0.5894513824518691,5,7,0
brain_tumor_vit_10,0.39165350794792175,0.4378952980041504,0.5946094542741776,2,7,0
brain_tumor_vit_10,0.35242074728012085,0.9359504580497742,0.6282526514631637,3,7,0
brain_tumor_vit_10,0.4051894247531891,0.8754531741142273,0.627438872418505,9,7,0
brain_tumor_vit_10,0.34520623087882996,0.5446076393127441,0.5473589662541735,26,7,0
brain_tumor_vit_10,0.3839833438396454,0.6099631786346436,0.6240073645368536,11,7,0
brain_tumor_vit_10,0.3018563985824585,0.5277107954025269,0.6100893115743677,28,7,0
brain_tumor_vit_50,0.3281037211418152,0.6408411264419556,0.5121936891027676,0,7,0
brain_tumor_vit_10,0.41545403003692627,0.4993860125541687,0.6381404716917809,12,7,0
brain_tumor_vit_10,0.34474632143974304,0.5837416052818298,0.7023089635879436,17,7,0
brain_tumor_vit_10,0.3484116494655609,0.5934047698974609,0.6473670658913064,4,7,0
brain_tumor_vit_50,0.339967742562294,0.43425697088241577,0.5241098974340705,1,7,0
brain_tumor_vit_10,0.37420639395713806,0.45080459117889404,0.608991340119788,20,7,0
brain_tumor_vit_10,0.3175375759601593,0.6961393356323242,0.5819409375495099,25,7,0
brain_tumor_vit_10,0.4130621552467346,0.7943289279937744,0.6685373586543063,15,7,0
brain_tumor_vit_10,0.4641561806201935,0.7041813135147095,0.6127077607398338,1,7,0
brain_tumor_vit_10,0.37349238991737366,0.7641003727912903,0.6373262101031364,19,7,0
brain_tumor_vit_10,0.37593770027160645,0.5041279792785645,0.6501171018214936,27,7,0
brain_tumor_vit_10,0.36669427156448364,0.8515665531158447,0.5693634783333921,22,7,0
brain_tumor_vit_10,0.32396748661994934,0.7658528685569763,0.5855318910263955,29,7,0
brain_tumor_vit_10,0.3419114649295807,0.5873382687568665,0.5405298148063903,6,7,0
brain_tumor_vit_10,0.46106863021850586,0.47931987047195435,0.609231340758344,7,8,0
brain_tumor_vit_10,0.3314918875694275,0.45341330766677856,0.5444460837764943,13,8,0
brain_tumor_vit_10,0.2867116630077362,0.2865908145904541,0.5712747025362989,8,8,0
brain_tumor_vit_10,0.30298131704330444,0.6468519568443298,0.5540110792251344,16,8,0
brain_tumor_vit_10,0.3796979486942291,0.6867159605026245,0.6018338996045133,23,8,0
brain_tumor_vit_10,0.28902608156204224,0.3356170952320099,0.6428821904862181,18,8,0
brain_tumor_vit_10,0.3494376242160797,0.6051754951477051,0.6152518524768504,21,8,0
brain_tumor_vit_10,0.2872171103954315,0.4931464195251465,0.6428561388178075,24,8,0
brain_tumor_vit_10,0.3537761867046356,0.6717818975448608,0.6644528565254617,14,8,0
brain_tumor_vit_10,0.3596937358379364,0.48915842175483704,0.5787091508824774,0,8,0
brain_tumor_vit_10,0.33467191457748413,0.5779650211334229,0.5820960833671245,5,8,0
brain_tumor_vit_10,0.3913728892803192,0.5606216788291931,0.6210717704701931,10,8,0
brain_tumor_vit_10,0.33620089292526245,0.955784022808075,0.6247468146872013,3,8,0
brain_tumor_vit_10,0.3824383318424225,0.4878455400466919,0.6315107187058063,12,8,0
brain_tumor_vit_10,0.38953834772109985,0.8777217864990234,0.6227281841825931,9,8,0
brain_tumor_vit_10,0.3129483163356781,0.5257495641708374,0.5369995994136688,26,8,0
brain_tumor_vit_10,0.3546179533004761,0.4194210171699524,0.5815850600917288,2,8,0
brain_tumor_vit_10,0.2714133560657501,0.508528470993042,0.6054843153725279,28,8,0
brain_tumor_vit_10,0.3490278720855713,0.608238160610199,0.6141317277512652,11,8,0
brain_tumor_vit_10,0.32251375913619995,0.5872109532356262,0.6480168313422101,4,8,0
brain_tumor_vit_50,0.30229808390140533,0.6285803318023682,0.498424207651487,0,8,0
brain_tumor_vit_10,0.3163401186466217,0.5657922625541687,0.6998269786225989,17,8,0
brain_tumor_vit_50,0.31700465083122253,0.41589808464050293,0.5095573016392287,1,8,0
brain_tumor_vit_10,0.28871312737464905,0.6839860677719116,0.5705500625549479,25,8,0
brain_tumor_vit_10,0.3411121368408203,0.43841272592544556,0.6017322584669641,20,8,0
brain_tumor_vit_10,0.4442950189113617,0.7076634764671326,0.6055553333556398,1,8,0
brain_tumor_vit_10,0.37585121393203735,0.7799699902534485,0.666572150397808,15,8,0
brain_tumor_vit_10,0.3395419120788574,0.7576056122779846,0.6327856443029769,19,8,0
brain_tumor_vit_10,0.3358471989631653,0.8592097163200378,0.5597197042500719,22,8,0
brain_tumor_vit_10,0.2928546667098999,0.761297881603241,0.576237807882593,29,8,0
brain_tumor_vit_10,0.3448733687400818,0.4943910241127014,0.6481178662878402,27,8,0
brain_tumor_vit_10,0.312790185213089,0.5816370844841003,0.5323391490160151,6,8,0
brain_tumor_vit_10,0.43021491169929504,0.4685913324356079,0.6006957749102978,7,9,0
brain_tumor_vit_10,0.30457040667533875,0.44052210450172424,0.5357499379426875,13,9,0
brain_tumor_vit_10,0.25961875915527344,0.2680143117904663,0.5640364216363176,8,9,0
brain_tumor_vit_10,0.27527832984924316,0.6501885652542114,0.5438188168596714,16,9,0
brain_tumor_vit_10,0.3505640923976898,0.6725239157676697,0.5951319336891174,23,9,0
brain_tumor_vit_10,0.323397159576416,0.6014750599861145,0.6070742645162217,21,9,0
brain_tumor_vit_10,0.25823020935058594,0.3099397122859955,0.6372551375881155,18,9,0
brain_tumor_vit_10,0.2622871696949005,0.48262935876846313,0.6376907736697095,24,9,0
brain_tumor_vit_10,0.32630783319473267,0.6661418676376343,0.6613801844576572,14,9,0
brain_tumor_vit_10,0.3282563090324402,0.4776776432991028,0.5673028744281606,0,9,0
brain_tumor_vit_10,0.3208215832710266,0.9755979776382446,0.621492770758081,3,9,0
brain_tumor_vit_10,0.30771467089653015,0.5644537210464478,0.5754529668929729,5,9,0
brain_tumor_vit_10,0.35867220163345337,0.5463448762893677,0.6141815686479528,10,9,0
brain_tumor_vit_10,0.35220542550086975,0.4767545461654663,0.6256068120611474,12,9,0
brain_tumor_vit_10,0.37452760338783264,0.8799818754196167,0.6181551034146167,9,9,0
brain_tumor_vit_10,0.28412455320358276,0.5066641569137573,0.5279489774653252,26,9,0
brain_tumor_vit_10,0.31699469685554504,0.6062262654304504,0.6045928429415885,11,9,0
brain_tumor_vit_10,0.24439279735088348,0.4901755452156067,0.6016885530441365,28,9,0
brain_tumor_vit_50,0.27858926355838776,0.6174291968345642,0.48662714099371307,0,9,0
brain_tumor_vit_10,0.29882848262786865,0.5815631151199341,0.6489806809323899,4,9,0
brain_tumor_vit_10,0.3211936354637146,0.40233302116394043,0.5698275803885562,2,9,0
brain_tumor_vit_10,0.3110106587409973,0.4266780614852905,0.5953187577902003,20,9,0
brain_tumor_vit_10,0.26297399401664734,0.6726151704788208,0.5602776991560104,25,9,0
brain_tumor_vit_10,0.29050564765930176,0.5484667420387268,0.6980523092949644,17,9,0
brain_tumor_vit_10,0.42537903785705566,0.7108856439590454,0.5987834366078072,1,9,0
brain_tumor_vit_50,0.28094159066677094,0.40050119161605835,0.49693225981086814,1,9,0
brain_tumor_vit_10,0.3421891927719116,0.7685649991035461,0.6656554671044045,15,9,0
brain_tumor_vit_10,0.30910632014274597,0.751811146736145,0.6289839167544182,19,9,0
brain_tumor_vit_10,0.30774667859077454,0.8675200939178467,0.5512966903600287,22,9,0
brain_tumor_vit_10,0.26491934061050415,0.7568712830543518,0.568065750789135,29,9,0
brain_tumor_vit_10,0.3163917064666748,0.48531317710876465,0.6471094374961042,27,9,0
brain_tumor_vit_10,0.2863638699054718,0.5766279697418213,0.5251144592432265,6,9,0
brain_tumor_vit_10,0.4017075300216675,0.4586809277534485,0.5931096463761432,7,10,0
brain_tumor_vit_10,0.28014492988586426,0.42946600914001465,0.5280393222545056,13,10,0
brain_tumor_vit_10,0.2353222370147705,0.2511942982673645,0.5576818902441796,8,10,0
brain_tumor_vit_10,0.25026556849479675,0.6519123315811157,0.5392138894568098,16,10,0
brain_tumor_vit_10,0.3239556550979614,0.6604703068733215,0.5891538059457819,23,10,0
brain_tumor_vit_10,0.2994900643825531,0.5983374714851379,0.5998111887181059,21,10,0
brain_tumor_vit_10,0.23096731305122375,0.28647956252098083,0.6332005902807764,18,10,0
brain_tumor_vit_10,0.2397584468126297,0.4721851944923401,0.6331766216044731,24,10,0
brain_tumor_vit_10,0.30109167098999023,0.6613082885742188,0.6585974230411205,14,10,0
brain_tumor_vit_10,0.2991259694099426,0.46886521577835083,0.5569703150936898,0,10,0
brain_tumor_vit_10,0.3062339723110199,0.9953604936599731,0.6184660538713983,3,10,0
brain_tumor_vit_10,0.2831396758556366,0.552150309085846,0.5694017736835683,5,10,0
brain_tumor_vit_10,0.3288423717021942,0.5324310660362244,0.6078789411707127,10,10,0
brain_tumor_vit_10,0.3245890438556671,0.4660791754722595,0.6203780890779292,12,10,0
brain_tumor_vit_10,0.3601354658603668,0.8823137283325195,0.6137255652153746,9,10,0
brain_tumor_vit_10,0.2879199981689453,0.6042205095291138,0.5955860741595005,11,10,0
brain_tumor_vit_10,0.25836920738220215,0.4876556992530823,0.52008836795675,26,10,0
brain_tumor_vit_10,0.22043268382549286,0.4727882742881775,0.5987065520058287,28,10,0
brain_tumor_vit_10,0.29108667373657227,0.3865169286727905,0.5592561097855263,2,10,0
brain_tumor_vit_50,0.26893262565135956,0.6072773933410645,0.4766214550823294,0,10,0
brain_tumor_vit_10,0.27721595764160156,0.5767460465431213,0.6501055651522697,4,10,0
brain_tumor_vit_10,0.283709853887558,0.41571271419525146,0.5897057956837594,20,10,0
brain_tumor_vit_10,0.407353013753891,0.7138899564743042,0.5923699876095386,1,10,0
brain_tumor_vit_10,0.2670050263404846,0.531760036945343,0.6968446342234916,17,10,0
brain_tumor_vit_10,0.24000750482082367,0.6620326042175293,0.5510088969418343,25,10,0
brain_tumor_vit_50,0.2809739410877228,0.3895224630832672,0.4865486772470577,1,10,0
brain_tumor_vit_10,0.31180474162101746,0.7597866058349609,0.6657015814426097,15,10,0
brain_tumor_vit_10,0.28181755542755127,0.7468509674072266,0.6259158916295843,19,10,0
brain_tumor_vit_10,0.28218287229537964,0.871748685836792,0.5475632183729334,22,10,0
brain_tumor_vit_10,0.2398870885372162,0.7527675628662109,0.5609198650147053,29,10,0
brain_tumor_vit_10,0.29044869542121887,0.476986289024353,0.6469095317607231,27,10,0
brain_tumor_vit_10,0.2623973786830902,0.5722246766090393,0.518737959417891,6,10,0
brain_tumor_vit_10,0.37536731362342834,0.449657678604126,0.5864309459290606,7,11,0
brain_tumor_vit_10,0.2579522132873535,0.4201276898384094,0.5212483307782639,13,11,0
brain_tumor_vit_10,0.21357512474060059,0.23593032360076904,0.5521238405019679,8,11,0
brain_tumor_vit_10,0.29960736632347107,0.6503023505210876,0.5838051806104944,23,11,0
brain_tumor_vit_10,0.2387833595275879,0.6537028551101685,0.5349593986856177,16,11,0
brain_tumor_vit_10,0.21940132975578308,0.46175873279571533,0.6293251187877452,24,11,0
brain_tumor_vit_10,0.2775263786315918,0.5957415103912354,0.5933786903290038,21,11,0
brain_tumor_vit_10,0.20694342255592346,0.2651274800300598,0.6305961317204415,18,11,0
brain_tumor_vit_10,0.27796489000320435,0.6573038101196289,0.6560937388146177,14,11,0
brain_tumor_vit_10,0.2723424434661865,0.4625837802886963,0.547840323536954,0,11,0
brain_tumor_vit_10,0.2923956513404846,1.0150368213653564,0.6156436395137868,3,11,0
brain_tumor_vit_10,0.30170202255249023,0.5190938711166382,0.6020459875147394,10,11,0
brain_tumor_vit_10,0.2607450783252716,0.5411895513534546,0.5638422030717769,5,11,0
brain_tumor_vit_10,0.29938042163848877,0.45577844977378845,0.6157627885646009,12,11,0
brain_tumor_vit_10,0.26174718141555786,0.602550208568573,0.5872798958357345,11,11,0
brain_tumor_vit_10,0.3463391959667206,0.8847816586494446,0.6094423221780899,9,11,0
brain_tumor_vit_10,0.23534049093723297,0.46898579597473145,0.5132887040046935,26,11,0
brain_tumor_vit_10,0.19919109344482422,0.4564632177352905,0.5965299409754733,28,11,0
brain_tumor_vit_10,0.2640129029750824,0.37187427282333374,0.549786795009958,2,11,0
brain_tumor_vit_10,0.25749140977859497,0.5730143785476685,0.6512509869768265,4,11,0
brain_tumor_vit_50,0.26691675186157227,0.5979328155517578,0.4680002588097767,0,11,0
brain_tumor_vit_10,0.25899994373321533,0.40556955337524414,0.5848268073924044,20,11,0
brain_tumor_vit_10,0.39017054438591003,0.7167137265205383,0.5862948507704633,1,11,0
brain_tumor_vit_10,0.24561408162117004,0.5156823992729187,0.6960787735086806,17,11,0
brain_tumor_vit_10,0.21950319409370422,0.6522437334060669,0.5426206325596952,25,11,0
brain_tumor_vit_10,0.2844197750091553,0.7532935738563538,0.6666402442658201,15,11,0
brain_tumor_vit_50,0.2584955543279648,0.3811478912830353,0.47805763957321,1,11,0
brain_tumor_vit_10,0.25735047459602356,0.7427747249603271,0.6235713939717475,19,11,0
brain_tumor_vit_10,0.2703401744365692,0.8758888244628906,0.5441686121073175,22,11,0
brain_tumor_vit_10,0.2174873650074005,0.7491163015365601,0.5546959873209608,29,11,0
brain_tumor_vit_10,0.26691997051239014,0.4693739712238312,0.6472790862651582,27,11,0
brain_tumor_vit_10,0.24066627025604248,0.5683289766311646,0.5130873801226311,6,11,0
brain_tumor_vit_10,0.35100311040878296,0.4415728449821472,0.5805778579509004,7,12,0
brain_tumor_vit_10,0.23775899410247803,0.4123309552669525,0.5153075650017312,13,12,0
brain_tumor_vit_10,0.19413235783576965,0.22203773260116577,0.547269287578603,8,12,0
brain_tumor_vit_10,0.2772921621799469,0.6417837142944336,0.5790053910397469,23,12,0
brain_tumor_vit_10,0.22799524664878845,0.6555850505828857,0.531023161208376,16,12,0
brain_tumor_vit_10,0.25733864307403564,0.593652069568634,0.5877037149794558,21,12,0
brain_tumor_vit_10,0.20100395381450653,0.451349139213562,0.6261192014876832,24,12,0
brain_tumor_vit_10,0.25677424669265747,0.6541257500648499,0.6538583148033061,14,12,0
brain_tumor_vit_10,0.18584772944450378,0.24575206637382507,0.6292650236728343,18,12,0
brain_tumor_vit_10,0.2479517161846161,0.4585954546928406,0.5399828194937808,0,12,0
brain_tumor_vit_10,0.27926871180534363,1.0345920324325562,0.6130042317065787,3,12,0
brain_tumor_vit_10,0.2770448327064514,0.5064988136291504,0.5965829979866109,10,12,0
brain_tumor_vit_10,0.2403322011232376,0.531647801399231,0.5587051095480614,5,12,0
brain_tumor_vit_10,0.3331150412559509,0.8874326944351196,0.6053058784058754,9,12,0
brain_tumor_vit_10,0.27635830640792847,0.4458116292953491,0.6116971050171142,12,12,0
brain_tumor_vit_10,0.2383168339729309,0.6015329360961914,0.5797963947691815,11,12,0
brain_tumor_vit_10,0.1803525984287262,0.4412509799003601,0.5951313534949688,28,12,0
brain_tumor_vit_10,0.21472716331481934,0.4508594274520874,0.5074221222324574,26,12,0
brain_tumor_vit_10,0.23970220983028412,0.35831964015960693,0.5413347175146671,2,12,0
brain_tumor_vit_10,0.23666277527809143,0.3962504267692566,0.5806053734206139,20,12,0
brain_tumor_vit_50,0.2591261714696884,0.5897375345230103,0.4609563184040849,0,12,0
brain_tumor_vit_10,0.37379124760627747,0.7193881273269653,0.5805391079567849,1,12,0
brain_tumor_vit_10,0.23945535719394684,0.5705603361129761,0.6523100904961849,4,12,0
brain_tumor_vit_10,0.2261309176683426,0.5002560615539551,0.6956560992180033,17,12,0
brain_tumor_vit_10,0.20115867257118225,0.6432442665100098,0.5349920873946332,25,12,0
brain_tumor_vit_10,0.2597584128379822,0.7487578392028809,0.6684062132175933,15,12,0
brain_tumor_vit_50,0.2701224535703659,0.37300509214401245,0.47076809822872123,1,12,0
brain_tumor_vit_10,0.23540928959846497,0.73953777551651,0.6219216347374814,19,12,0
brain_tumor_vit_10,0.2591312825679779,0.8799461126327515,0.5410799919924838,22,12,0
brain_tumor_vit_10,0.1974622905254364,0.7459834218025208,0.5492935656233037,29,12,0
brain_tumor_vit_10,0.24561700224876404,0.46234795451164246,0.6479589203570751,27,12,0
brain_tumor_vit_10,0.22095894813537598,0.564837634563446,0.5080449077043128,6,12,0
brain_tumor_vit_10,0.328423410654068,0.43445539474487305,0.5754472321652352,7,13,0
brain_tumor_vit_10,0.17675752937793732,0.20935559272766113,0.5430277227721316,8,13,0
brain_tumor_vit_10,0.21936330199241638,0.4058559536933899,0.5101408971116898,13,13,0
brain_tumor_vit_10,0.25681740045547485,0.6347004175186157,0.5746858519442538,23,13,0
brain_tumor_vit_10,0.2178528904914856,0.6575841903686523,0.527368814704266,16,13,0
brain_tumor_vit_10,0.18437759578227997,0.4410007894039154,0.6235173598248908,24,13,0
brain_tumor_vit_10,0.2387806475162506,0.592025637626648,0.58272348661372,21,13,0
brain_tumor_vit_10,0.16735948622226715,0.22820481657981873,0.6289927642396156,18,13,0
brain_tumor_vit_10,0.22594864666461945,0.4565633535385132,0.5333828618551822,0,13,0
brain_tumor_vit_10,0.2373768538236618,0.6517431735992432,0.6518775972914188,14,13,0
brain_tumor_vit_10,0.2668183445930481,1.0442688465118408,0.6117478653471521,3,13,0
brain_tumor_vit_10,0.25465476512908936,0.4947512447834015,0.5914155872578316,10,13,0
brain_tumor_vit_10,0.3204393982887268,0.8888617157936096,0.6032997800948772,9,13,0
brain_tumor_vit_10,0.25531479716300964,0.43614858388900757,0.6081234971259503,12,13,0
brain_tumor_vit_10,0.22172175347805023,0.5235328078269958,0.5539533866846815,5,13,0
brain_tumor_vit_10,0.21739104390144348,0.6014418601989746,0.5732086313531753,11,13,0
brain_tumor_vit_10,0.16363251209259033,0.42715731263160706,0.5944643359869084,28,13,0
brain_tumor_vit_10,0.1962527632713318,0.43342286348342896,0.5023704526272226,26,13,0
brain_tumor_vit_10,0.21790063381195068,0.3457767963409424,0.5338153116246487,2,13,0
brain_tumor_vit_10,0.35817912220954895,0.720655083656311,0.5777854634092209,1,13,0
brain_tumor_vit_10,0.22292116284370422,0.5694968104362488,0.6532233573020773,4,13,0
brain_tumor_vit_10,0.21648357808589935,0.38771963119506836,0.5769663985739363,20,13,0
brain_tumor_vit_10,0.2083786278963089,0.48550933599472046,0.6955071871585035,17,13,0
brain_tumor_vit_50,0.23644201457500458,0.5782923698425293,0.4533474185774403,0,13,0
brain_tumor_vit_10,0.18469400703907013,0.6350176334381104,0.5280161791659416,25,13,0
brain_tumor_vit_10,0.2375563234090805,0.7458865642547607,0.6709320722742284,15,13,0
brain_tumor_vit_50,0.2193165272474289,0.3622837960720062,0.46301192622030934,1,13,0
brain_tumor_vit_10,0.2157215178012848,0.7370163202285767,0.6209163862339994,19,13,0
brain_tumor_vit_10,0.24851207435131073,0.8839343190193176,0.5382652431726456,22,13,0
brain_tumor_vit_10,0.17957158386707306,0.7433798909187317,0.5446211949307868,29,13,0
brain_tumor_vit_10,0.2263188511133194,0.45573997497558594,0.6487122400009886,27,13,0
brain_tumor_vit_10,0.20308102667331696,0.561656653881073,0.5035064550156289,6,13,0
brain_tumor_vit_10,0.3074520230293274,0.4283111095428467,0.5709343203838836,7,14,0
brain_tumor_vit_10,0.16122978925704956,0.19774878025054932,0.5393177917663087,8,14,0
brain_tumor_vit_10,0.20259176194667816,0.4004550278186798,0.5056649665249154,13,14,0
brain_tumor_vit_10,0.238020122051239,0.6288653016090393,0.5707891710261082,23,14,0
brain_tumor_vit_10,0.20830824971199036,0.6597238779067993,0.5239583371167488,16,14,0
brain_tumor_vit_10,0.1693556159734726,0.4307885468006134,0.621458020616085,24,14,0
brain_tumor_vit_10,0.2217239886522293,0.5908123850822449,0.5783815393422512,21,14,0
brain_tumor_vit_10,0.2196391522884369,0.6500993371009827,0.6501341030952779,14,14,0
brain_tumor_vit_10,0.15116192400455475,0.21232901513576508,0.6295493631920916,18,14,0
brain_tumor_vit_10,0.2062544822692871,0.45607510209083557,0.5279389578611293,0,14,0
brain_tumor_vit_10,0.26085585355758667,1.053828477859497,0.6105306712870903,3,14,0
brain_tumor_vit_10,0.2360689640045166,0.4267728924751282,0.6049937453675778,12,14,0
brain_tumor_vit_10,0.23432257771492004,0.48389410972595215,0.5864982788867139,10,14,0
brain_tumor_vit_10,0.3143146336078644,0.8903894424438477,0.6013419209642613,9,14,0
brain_tumor_vit_10,0.1986929476261139,0.6024848818778992,0.5675480714503754,11,14,0
brain_tumor_vit_10,0.204758420586586,0.5167851448059082,0.5495743830787375,5,14,0
brain_tumor_vit_10,0.14877843856811523,0.41414982080459595,0.5944658711235574,28,14,0
brain_tumor_vit_10,0.1796756386756897,0.41676753759384155,0.49802986104437647,26,14,0
brain_tumor_vit_10,0.19837060570716858,0.3341752886772156,0.5271456114789272,2,14,0
brain_tumor_vit_10,0.35067111253738403,0.721856951713562,0.5751209097339752,1,14,0
brain_tumor_vit_10,0.20773091912269592,0.569849967956543,0.653979204436566,4,14,0
brain_tumor_vit_10,0.1982613354921341,0.37991857528686523,0.5738436738227276,20,14,0
brain_tumor_vit_10,0.16986383497714996,0.6275396943092346,0.521607165323927,25,14,0
brain_tumor_vit_10,0.19220319390296936,0.4714685082435608,0.6955889482447442,17,14,0
brain_tumor_vit_50,0.19467367976903915,0.5672436952590942,0.4466640712112509,0,14,0
brain_tumor_vit_10,0.21756790578365326,0.7444354891777039,0.6741445362567902,15,14,0
brain_tumor_vit_50,0.23420289158821106,0.35052746534347534,0.45517460793577214,1,14,0
brain_tumor_vit_10,0.23844456672668457,0.8878738284111023,0.5356930237501225,22,14,0
brain_tumor_vit_10,0.19803670048713684,0.7350363731384277,0.620488739077081,19,14,0
brain_tumor_vit_10,0.1635943502187729,0.7412738800048828,0.5405979505244721,29,14,0
brain_tumor_vit_10,0.2088054120540619,0.44938766956329346,0.6493582066069258,27,14,0
brain_tumor_vit_10,0.18685869872570038,0.5587107539176941,0.4993877027263033,6,14,0
brain_tumor_vit_10,0.28793904185295105,0.4231247305870056,0.5669467094096732,7,15,0
brain_tumor_vit_10,0.14734838902950287,0.18710610270500183,0.5360708908831819,8,15,0
brain_tumor_vit_10,0.18729525804519653,0.3958697021007538,0.5017910568003959,13,15,0
brain_tumor_vit_10,0.22076119482517242,0.624116063117981,0.5672681027270378,23,15,0
brain_tumor_vit_10,0.19931457936763763,0.6620254516601562,0.5207546296271872,16,15,0
brain_tumor_vit_10,0.15578939020633698,0.42080026865005493,0.6198646258166496,24,15,0
brain_tumor_vit_10,0.20605415105819702,0.589956521987915,0.5746237394657541,21,15,0
brain_tumor_vit_10,0.2034345269203186,0.6491195559501648,0.6486073852853572,14,15,0
brain_tumor_vit_10,0.136956125497818,0.19796854257583618,0.6307112387520202,18,15,0
brain_tumor_vit_10,0.18872033059597015,0.4566769599914551,0.5234795076415893,0,15,0
brain_tumor_vit_10,0.25508034229278564,1.0632779598236084,0.6093490332999127,3,15,0
brain_tumor_vit_10,0.21846769750118256,0.417680561542511,0.6022672605641345,12,15,0
brain_tumor_vit_10,0.21585650742053986,0.47391438484191895,0.5818129270634753,10,15,0
brain_tumor_vit_10,0.308340847492218,0.8920106887817383,0.5994301856832301,9,15,0
brain_tumor_vit_10,0.18930785357952118,0.5112857818603516,0.5455684516024082,5,15,0
brain_tumor_vit_10,0.13556863367557526,0.40216782689094543,0.5950602077423258,28,15,0
brain_tumor_vit_10,0.18194636702537537,0.6047945022583008,0.5628152226514005,11,15,0
brain_tumor_vit_10,0.34337544441223145,0.7230048179626465,0.5725392131729329,1,15,0
brain_tumor_vit_10,0.18089087307453156,0.3234478831291199,0.5212454247347852,2,15,0
brain_tumor_vit_10,0.16478636860847473,0.4009398818016052,0.49431211041643264,26,15,0
brain_tumor_vit_10,0.19375868141651154,0.5715595483779907,0.6546034679767934,4,15,0
brain_tumor_vit_10,0.1818128228187561,0.37277522683143616,0.5711824687871527,20,15,0
brain_tumor_vit_10,0.17746947705745697,0.45815277099609375,0.6958787504662859,17,15,0
brain_tumor_vit_10,0.15646272897720337,0.6207818984985352,0.5157025320098755,25,15,0
brain_tumor_vit_10,0.19956983625888824,0.7442116737365723,0.677963284735984,15,15,0
brain_tumor_vit_50,0.22676005959510803,0.5533544421195984,0.4391455437226962,0,15,0
brain_tumor_vit_50,0.19985613226890564,0.3368132710456848,0.4474063861754633,1,15,0
brain_tumor_vit_10,0.228895366191864,0.8917885422706604,0.5333333173964886,22,15,0
brain_tumor_vit_10,0.18212783336639404,0.733404815196991,0.6205630803361852,19,15,0
brain_tumor_vit_10,0.14932885766029358,0.7396038174629211,0.5371527281847406,29,15,0
brain_tumor_vit_10,0.19288040697574615,0.44316619634628296,0.6497881450551621,27,15,0
brain_tumor_vit_10,0.17213916778564453,0.5559489130973816,0.495625856391927,6,15,0
brain_tumor_vit_10,0.2697645425796509,0.41886013746261597,0.5634103487146661,7,16,0
brain_tumor_vit_10,0.1349337100982666,0.17733627557754517,0.5332316331406857,8,16,0
brain_tumor_vit_10,0.17334327101707458,0.3918483853340149,0.4984286570168556,13,16,0
brain_tumor_vit_10,0.2049199342727661,0.6203131079673767,0.5640842286830253,23,16,0
brain_tumor_vit_10,0.19082792103290558,0.6632611155509949,0.5192240159562294,16,16,0
brain_tumor_vit_10,0.14354409277439117,0.41112399101257324,0.6186516665397807,24,16,0
brain_tumor_vit_10,0.19166779518127441,0.5894018411636353,0.5713964231470798,21,16,0
brain_tumor_vit_10,0.1244710385799408,0.18497499823570251,0.6322783089064538,18,16,0
brain_tumor_vit_10,0.18864235281944275,0.6487203240394592,0.6472768244591165,14,16,0
brain_tumor_vit_10,0.17314620316028595,0.457912802696228,0.519789881211646,0,16,0
brain_tumor_vit_10,0.24948111176490784,1.0726232528686523,0.6082001372854761,3,16,0
brain_tumor_vit_10,0.20237994194030762,0.4088757038116455,0.5999071607564358,12,16,0
brain_tumor_vit_10,0.3025107979774475,0.893717348575592,0.5975627835760725,9,16,0
brain_tumor_vit_10,0.19908654689788818,0.46475380659103394,0.5773624609759513,10,16,0
brain_tumor_vit_10,0.17524878680706024,0.5068699717521667,0.5419381825213737,5,16,0
brain_tumor_vit_10,0.12380968779325485,0.3911304473876953,0.5961630930925937,28,16,0
brain_tumor_vit_10,0.15140363574028015,0.38595059514045715,0.4911433004952492,26,16,0
brain_tumor_vit_10,0.1669037640094757,0.6084268093109131,0.5589887360309033,11,16,0
brain_tumor_vit_10,0.33628055453300476,0.7241079211235046,0.5700349630193507,1,16,0
brain_tumor_vit_10,0.165256068110466,0.31352928280830383,0.5160383601137932,2,16,0
brain_tumor_vit_10,0.1809050589799881,0.5744855403900146,0.6551434334288252,4,16,0
brain_tumor_vit_10,0.16697309911251068,0.36621177196502686,0.5689383082567377,20,16,0
brain_tumor_vit_10,0.16405653953552246,0.4455711245536804,0.6963677266810803,17,16,0
brain_tumor_vit_10,0.18336069583892822,0.7450684905052185,0.6823018250313211,15,16,0
brain_tumor_vit_10,0.14432354271411896,0.6147141456604004,0.5102599849726291,25,16,0
brain_tumor_vit_50,0.17586218565702438,0.5331665277481079,0.4295173519721595,0,16,0
brain_tumor_vit_50,0.18879642337560654,0.32253149151802063,0.44078914068078484,1,16,0
brain_tumor_vit_10,0.21983423829078674,0.893727719783783,0.5322284692145408,22,16,0
brain_tumor_vit_10,0.16779309511184692,0.7319375872612,0.6210632663457951,19,16,0
brain_tumor_vit_10,0.1365915983915329,0.7382910251617432,0.5342228885026689,29,16,0
brain_tumor_vit_10,0.1783808469772339,0.43700140714645386,0.649964488250144,27,16,0
brain_tumor_vit_10,0.15878811478614807,0.5533434748649597,0.4921780339580901,6,16,0
brain_tumor_vit_10,0.2528359889984131,0.41545984148979187,0.5602689585153092,7,17,0
brain_tumor_vit_10,0.1238265335559845,0.1683635115623474,0.530756006215481,8,17,0
brain_tumor_vit_10,0.16061948239803314,0.3881623446941376,0.495490108398681,13,17,0
brain_tumor_vit_10,0.1903894692659378,0.617335855960846,0.5612062165077697,23,17,0
brain_tumor_vit_10,0.18677757680416107,0.6645779013633728,0.5177384773467449,16,17,0
brain_tumor_vit_10,0.13249534368515015,0.4018360674381256,0.6177313013913783,24,17,0
brain_tumor_vit_10,0.17846935987472534,0.5890949964523315,0.568645899600171,21,17,0
brain_tumor_vit_10,0.11346881091594696,0.17321240901947021,0.6340846514448206,18,17,0
brain_tumor_vit_10,0.17514756321907043,0.6488202810287476,0.6461249012896355,14,17,0
brain_tumor_vit_10,0.15930643677711487,0.45936158299446106,0.5166424947216156,0,17,0
brain_tumor_vit_10,0.24404895305633545,1.081869125366211,0.6070818279651885,3,17,0
brain_tumor_vit_10,0.18768875300884247,0.4003644585609436,0.5978768642278428,12,17,0
brain_tumor_vit_10,0.18386264145374298,0.45632117986679077,0.5731620633221687,10,17,0
brain_tumor_vit_10,0.11333270370960236,0.38094639778137207,0.597686174702137,28,17,0
brain_tumor_vit_10,0.16246701776981354,0.503345787525177,0.5386808964800327,5,17,0
brain_tumor_vit_10,0.2968186140060425,0.8955000638961792,0.595738096440092,9,17,0
brain_tumor_vit_10,0.32937705516815186,0.7251731157302856,0.567603422289199,1,17,0
brain_tumor_vit_10,0.139368936419487,0.37178516387939453,0.4884612557101757,26,17,0
brain_tumor_vit_10,0.15335847437381744,0.6133659482002258,0.5560307689803712,11,17,0
brain_tumor_vit_10,0.15127673745155334,0.30435502529144287,0.5114527195692062,2,17,0
brain_tumor_vit_10,0.16908687353134155,0.5784212350845337,0.655652383540539,4,17,0
brain_tumor_vit_10,0.1535932570695877,0.36014991998672485,0.5670738600670023,20,17,0
brain_tumor_vit_10,0.15185394883155823,0.4337197542190552,0.6970544546208484,17,17,0
brain_tumor_vit_10,0.13331185281276703,0.6093027591705322,0.5052514294994638,25,17,0
brain_tumor_vit_10,0.1687597781419754,0.7468955516815186,0.6870695656918465,15,17,0
brain_tumor_vit_50,0.19384125620126724,0.5144545435905457,0.42105965444477655,0,17,0
brain_tumor_vit_50,0.19323677569627762,0.3099152743816376,0.43529602628882214,1,17,0
brain_tumor_vit_10,0.21549487113952637,0.8956401348114014,0.5311726953120942,22,17,0
brain_tumor_vit_10,0.15485569834709167,0.7304800748825073,0.621918705866692,19,17,0
brain_tumor_vit_10,0.12521621584892273,0.7372512817382812,0.5317526951115182,29,17,0
brain_tumor_vit_10,0.16517500579357147,0.43086695671081543,0.6499076086155912,27,17,0
brain_tumor_vit_10,0.14668601751327515,0.5508852005004883,0.48901750400979466,6,17,0
brain_tumor_vit_10,0.23708148300647736,0.41284406185150146,0.5574794652614188,7,18,0
brain_tumor_vit_10,0.11388541758060455,0.1601230800151825,0.5286085022256729,8,18,0
brain_tumor_vit_10,0.14901810884475708,0.3846193253993988,0.4928954798490443,13,18,0
brain_tumor_vit_10,0.17707285284996033,0.6150794625282288,0.5586082247343469,23,18,0
brain_tumor_vit_10,0.18286369740962982,0.6659752726554871,0.5162911170974691,16,18,0
brain_tumor_vit_10,0.12252755463123322,0.3929959535598755,0.617020012850457,24,18,0
brain_tumor_vit_10,0.16636992990970612,0.5889885425567627,0.5663184111422681,21,18,0
brain_tumor_vit_10,0.10374529659748077,0.16255861520767212,0.6360025513679424,18,18,0
brain_tumor_vit_10,0.16284142434597015,0.6493486166000366,0.6451396618751769,14,18,0
brain_tumor_vit_10,0.1469738781452179,0.46066543459892273,0.5138235485300104,0,18,0
brain_tumor_vit_10,0.17428524792194366,0.39215219020843506,0.5961383517752302,12,18,0
brain_tumor_vit_10,0.23877587914466858,1.091020941734314,0.6059924627238131,3,18,0
brain_tumor_vit_10,0.17005059123039246,0.44850456714630127,0.5692307964918462,10,18,0
brain_tumor_vit_10,0.12854261696338654,0.35841214656829834,0.48621263022118427,26,18,0
brain_tumor_vit_10,0.29125961661338806,0.8973472118377686,0.5939545675795129,9,18,0
brain_tumor_vit_10,0.322656512260437,0.7262067198753357,0.5652404123164237,1,18,0
brain_tumor_vit_10,0.1387788951396942,0.29586338996887207,0.5074220458243756,2,18,0
brain_tumor_vit_10,0.15085206925868988,0.5005136132240295,0.5357852473537973,5,18,0
brain_tumor_vit_10,0.10398980975151062,0.3715205192565918,0.599541020203144,28,18,0
brain_tumor_vit_10,0.1582295149564743,0.5831136107444763,0.6561777122477268,4,18,0
brain_tumor_vit_10,0.1411445438861847,0.6195322275161743,0.5538890241308415,11,18,0
brain_tumor_vit_10,0.1415369063615799,0.35451406240463257,0.5655555243187762,20,18,0
brain_tumor_vit_10,0.14075951278209686,0.4225832223892212,0.6979398169416062,17,18,0
brain_tumor_vit_10,0.12331797182559967,0.6045089960098267,0.5006562677469659,25,18,0
brain_tumor_vit_10,0.15560434758663177,0.7496079206466675,0.6921750269037612,15,18,0
brain_tumor_vit_50,0.16629795730113983,0.49777287244796753,0.4140015592177709,0,18,0
brain_tumor_vit_10,0.21129459142684937,0.8975363969802856,0.5301593966940616,22,18,0
brain_tumor_vit_50,0.1635676845908165,0.301029235124588,0.4302023309533314,1,18,0
brain_tumor_vit_10,0.14316286146640778,0.7289185523986816,0.6230678884906972,19,18,0
brain_tumor_vit_10,0.11505211889743805,0.7364050149917603,0.5296921755405183,29,18,0
brain_tumor_vit_10,0.15315446257591248,0.4247741401195526,0.6496769985620011,27,18,0
brain_tumor_vit_10,0.13572442531585693,0.5485773086547852,0.4861290565830596,6,18,0
brain_tumor_vit_10,0.22244171798229218,0.41091203689575195,0.5550062672254887,7,19,0
brain_tumor_vit_10,0.10498414933681488,0.15255828201770782,0.526759202810044,8,19,0
brain_tumor_vit_10,0.16488033533096313,0.6134507656097412,0.5562682259590068,23,19,0
brain_tumor_vit_10,0.13844183087348938,0.3810727596282959,0.49057671459431346,13,19,0
brain_tumor_vit_10,0.17907607555389404,0.6674515008926392,0.5148767026815009,16,19,0
brain_tumor_vit_10,0.11353319138288498,0.3846428692340851,0.6164443920901481,24,19,0
brain_tumor_vit_10,0.15528571605682373,0.5890423059463501,0.5643606981698502,21,19,0
brain_tumor_vit_10,0.09512805938720703,0.15290489792823792,0.6379414742931406,18,19,0
brain_tumor_vit_10,0.15162187814712524,0.6502494812011719,0.6443154602608783,14,19,0
brain_tumor_vit_10,0.1359379142522812,0.4615464508533478,0.511152407590379,0,19,0
brain_tumor_vit_10,0.1620650589466095,0.3842409551143646,0.5946525839415002,12,19,0
brain_tumor_vit_10,0.2336549460887909,1.0955471992492676,0.6054579786797787,3,19,0
brain_tumor_vit_10,0.15752717852592468,0.441183865070343,0.5655849721837551,10,19,0
brain_tumor_vit_10,0.31611165404319763,0.726707935333252,0.56408609957137,1,19,0
brain_tumor_vit_10,0.1402970552444458,0.498186320066452,0.5332313154606109,5,19,0
brain_tumor_vit_10,0.2858298122882843,0.8982951641082764,0.5930798833674573,9,19,0
brain_tumor_vit_10,0.12760376930236816,0.2879942059516907,0.5038853664981559,2,19,0
brain_tumor_vit_10,0.09565076231956482,0.362760066986084,0.6016428004553978,28,19,0
brain_tumor_vit_10,0.11879992485046387,0.3457906246185303,0.48435041688858194,26,19,0
brain_tumor_vit_10,0.1482607126235962,0.5882887244224548,0.656754307290341,4,19,0
brain_tumor_vit_10,0.13012844324111938,0.6267935633659363,0.5524971351978627,11,19,0
brain_tumor_vit_10,0.1306774914264679,0.41213494539260864,0.6990233888017371,17,19,0
brain_tumor_vit_10,0.1306779980659485,0.34923407435417175,0.564350962321809,20,19,0
brain_tumor_vit_10,0.11424944549798965,0.6002875566482544,0.4964556117007073,25,19,0
brain_tumor_vit_10,0.14374756813049316,0.7531347274780273,0.697529284243888,15,19,0
brain_tumor_vit_10,0.20722444355487823,0.8994253873825073,0.529182919479431,22,19,0
brain_tumor_vit_50,0.13384182751178741,0.48462969064712524,0.4083498243683128,0,19,0
brain_tumor_vit_10,0.13258306682109833,0.7271841168403625,0.6244592349579994,19,19,0
brain_tumor_vit_50,0.16863344609737396,0.29436367750167847,0.4254661481226644,1,19,0
brain_tumor_vit_10,0.1059640645980835,0.7356823682785034,0.5279961412257337,29,19,0
brain_tumor_vit_10,0.14222484827041626,0.4187585711479187,0.649352456026889,27,19,0
brain_tumor_vit_10,0.12580257654190063,0.546429455280304,0.48350464441674823,6,19,0
brain_tumor_vit_10,0.20886263251304626,0.4095443785190582,0.5528161614499194,7,20,0
brain_tumor_vit_10,0.12880097329616547,0.37742534279823303,0.48848021379176604,13,20,0
brain_tumor_vit_10,0.09700947999954224,0.1456175297498703,0.5251814808617247,8,20,0
brain_tumor_vit_10,0.15372739732265472,0.6123659014701843,0.55416664798209,23,20,0
brain_tumor_vit_10,0.17540627717971802,0.6690046787261963,0.5134914365220578,16,20,0
brain_tumor_vit_10,0.10541319102048874,0.37679681181907654,0.6159452035072002,24,20,0
brain_tumor_vit_10,0.14513759315013885,0.5892229080200195,0.5627207898713172,21,20,0
brain_tumor_vit_10,0.08747203648090363,0.14415451884269714,0.6398436471502832,18,20,0
brain_tumor_vit_10,0.14139370620250702,0.6514838933944702,0.6436521620192426,14,20,0
brain_tumor_vit_10,0.1260153204202652,0.46181395649909973,0.5084922763895481,0,20,0
brain_tumor_vit_10,0.15092787146568298,0.37662994861602783,0.5933811845297509,12,20,0
brain_tumor_vit_10,0.23115549981594086,1.1000250577926636,0.604929618378903,3,20,0
brain_tumor_vit_10,0.14617690443992615,0.4342409670352936,0.5622343135640976,10,20,0
brain_tumor_vit_10,0.3129098415374756,0.7271938323974609,0.5629519246360088,1,20,0
brain_tumor_vit_10,0.28316694498062134,0.8992621302604675,0.5922185188912331,9,20,0
brain_tumor_vit_10,0.13070054352283478,0.4962041676044464,0.5309928715863126,5,20,0
brain_tumor_vit_10,0.11002872884273529,0.3338761329650879,0.4828320370709642,26,20,0
brain_tumor_vit_10,0.11760708689689636,0.2806912660598755,0.5007872381742965,2,20,0
brain_tumor_vit_10,0.1391088217496872,0.5909134745597839,0.6570548979525871,4,20,0
brain_tumor_vit_10,0.08820074796676636,0.35457855463027954,0.6039133243104244,28,20,0
brain_tumor_vit_10,0.12019912898540497,0.6308309435844421,0.5520916695290423,11,20,0
brain_tumor_vit_10,0.12151853740215302,0.4023401141166687,0.7003010517739235,17,20,0
brain_tumor_vit_10,0.1208992451429367,0.34424740076065063,0.5634279016484606,20,20,0
brain_tumor_vit_10,0.10602495074272156,0.5965838432312012,0.4926283489516441,25,20,0
brain_tumor_vit_10,0.13305671513080597,0.7574106454849243,0.7030494105308613,15,20,0
brain_tumor_vit_10,0.2032766044139862,0.9013144969940186,0.5282385212943909,22,20,0
brain_tumor_vit_50,0.1574234887957573,0.4735250473022461,0.4034470045758832,0,20,0
brain_tumor_vit_10,0.12300313264131546,0.7252494692802429,0.6260502573023451,19,20,0
brain_tumor_vit_50,0.15041323006153107,0.29115206003189087,0.4210191878580278,1,20,0
brain_tumor_vit_10,0.0978306233882904,0.7350296378135681,0.5266236444102957,29,20,0
brain_tumor_vit_10,0.13229863345623016,0.412866473197937,0.649018257222277,27,20,0
brain_tumor_vit_10,0.11682594567537308,0.5444527268409729,0.4811396728804771,6,20,0
brain_tumor_vit_10,0.19629032909870148,0.4086092710494995,0.5508753286397203,7,21,0
brain_tumor_vit_10,0.08985943347215652,0.13925284147262573,0.5238505465553162,8,21,0
brain_tumor_vit_10,0.12001312524080276,0.3736288845539093,0.48656743859991114,13,21,0
brain_tumor_vit_10,0.143533393740654,0.6117479801177979,0.5522852140538236,23,21,0
brain_tumor_vit_10,0.17184725403785706,0.6706314086914062,0.5121327096477468,16,21,0
brain_tumor_vit_10,0.09807705879211426,0.36946022510528564,0.6154794204742351,24,21,0
brain_tumor_vit_10,0.13585039973258972,0.5895043611526489,0.5613489293671668,21,21,0
brain_tumor_vit_10,0.08065527677536011,0.13622117042541504,0.6416780019694186,18,21,0
brain_tumor_vit_10,0.1320686638355255,0.6530270576477051,0.6431533037982089,14,21,0
brain_tumor_vit_10,0.11705387383699417,0.46156027913093567,0.5070926150742997,0,21,0
brain_tumor_vit_10,0.14077788591384888,0.3693159818649292,0.5922888298618033,12,21,0
brain_tumor_vit_10,0.13589070737361908,0.4275701642036438,0.5591805184141119,10,21,0
brain_tumor_vit_10,0.2287014275789261,1.1044600009918213,0.6044072581732527,3,21,0
brain_tumor_vit_10,0.2805427610874176,0.9002439975738525,0.5913694456536719,9,21,0
brain_tumor_vit_10,0.12196836620569229,0.49444594979286194,0.5290403261463693,5,21,0
brain_tumor_vit_10,0.30976033210754395,0.7276668548583984,0.5618364766557166,1,21,0
brain_tumor_vit_10,0.13484302163124084,0.5934505462646484,0.6573479682841199,4,21,0
brain_tumor_vit_10,0.08153805136680603,0.346899151802063,0.6062832452515339,28,21,0
brain_tumor_vit_10,0.10865865647792816,0.27390173077583313,0.4980774962521614,2,21,0
brain_tumor_vit_10,0.10212776064872742,0.3226243555545807,0.4816182756677587,26,21,0
brain_tumor_vit_10,0.11564633250236511,0.6351647973060608,0.5519033134617704,11,21,0
brain_tumor_vit_10,0.11319917440414429,0.393158882856369,0.7017640116366934,17,21,0
brain_tumor_vit_10,0.11209158599376678,0.33950039744377136,0.5627541174279883,20,21,0
brain_tumor_vit_10,0.12341177463531494,0.7623700499534607,0.7086612835843512,15,21,0
brain_tumor_vit_10,0.09857039153575897,0.5933366417884827,0.4891492613452546,25,21,0
brain_tumor_vit_10,0.1994442492723465,0.9032099843025208,0.5273222786949036,22,21,0
brain_tumor_vit_50,0.1538974791765213,0.46205949783325195,0.39877288940773215,0,21,0
brain_tumor_vit_10,0.11432434618473053,0.7231233716011047,0.6278056689399354,19,21,0
brain_tumor_vit_50,0.14170993119478226,0.2884373068809509,0.41726213020663105,1,21,0
brain_tumor_vit_10,0.09054366499185562,0.7344087958335876,0.5255374109491389,29,21,0
brain_tumor_vit_10,0.123291015625,0.40714535117149353,0.6487520004206515,27,21,0
brain_tumor_vit_10,0.10870514065027237,0.5426562428474426,0.47903035454293513,6,21,0
brain_tumor_vit_10,0.18466798961162567,0.407970130443573,0.5491484267280456,7,22,0
brain_tumor_vit_10,0.08344228565692902,0.13341912627220154,0.5227427194093136,8,22,0
brain_tumor_vit_10,0.13422156870365143,0.6115248203277588,0.5506061588196044,23,22,0
brain_tumor_vit_10,0.16839320957660675,0.6714769005775452,0.511463500083761,16,22,0
brain_tumor_vit_10,0.1120026484131813,0.3696773946285248,0.48481374630268587,13,22,0
brain_tumor_vit_10,0.09144320338964462,0.36262112855911255,0.6150201020088601,24,22,0
brain_tumor_vit_10,0.12735293805599213,0.5898656249046326,0.5601986075969453,21,22,0
brain_tumor_vit_10,0.07457449287176132,0.12902672588825226,0.6434335623015749,18,22,0
brain_tumor_vit_10,0.12356488406658173,0.6548643708229065,0.6428236850398652,14,22,0
brain_tumor_vit_10,0.13152511417865753,0.36229464411735535,0.5913450568914413,12,22,0
brain_tumor_vit_10,0.1129218339920044,0.4608956277370453,0.5055813136252951,0,22,0
brain_tumor_vit_10,0.1265661120414734,0.4210839867591858,0.5564178034980246,10,22,0
brain_tumor_vit_10,0.22629006206989288,1.108856201171875,0.6038908508229763,3,22,0
brain_tumor_vit_10,0.3066602945327759,0.7281289100646973,0.5607385042499988,1,22,0
brain_tumor_vit_10,0.11401541531085968,0.4928317666053772,0.5273433337186245,5,22,0
brain_tumor_vit_10,0.2779552936553955,0.901236891746521,0.5905317448555155,9,22,0
brain_tumor_vit_10,0.13079716265201569,0.5958619117736816,0.6576381769586117,4,22,0
brain_tumor_vit_10,0.0755724161863327,0.3396553695201874,0.6086934960268914,28,22,0
brain_tumor_vit_10,0.11138729751110077,0.6397353410720825,0.5519038971434248,11,22,0
brain_tumor_vit_10,0.09500545263290405,0.3119940757751465,0.48067262578517833,26,22,0
brain_tumor_vit_10,0.10564189404249191,0.3845483064651489,0.7033986106831976,17,22,0
brain_tumor_vit_10,0.10064135491847992,0.26757723093032837,0.4957109914815172,2,22,0
brain_tumor_vit_10,0.1041543036699295,0.3349495232105255,0.5622981203363296,20,22,0
brain_tumor_vit_10,0.11470441520214081,0.7651331424713135,0.7114509432873828,15,22,0
brain_tumor_vit_10,0.19572122395038605,0.9041594862937927,0.5268734880584351,22,22,0
brain_tumor_vit_10,0.09181644022464752,0.5904799699783325,0.4859889492075494,25,22,0
brain_tumor_vit_50,0.13228287547826767,0.45098400115966797,0.39447076859012725,0,22,0
brain_tumor_vit_10,0.10645950585603714,0.7208412885665894,0.6296952493647312,19,22,0
brain_tumor_vit_50,0.1350061148405075,0.28473663330078125,0.4141006520999375,1,22,0
brain_tumor_vit_10,0.08400721848011017,0.7337985634803772,0.5247035736733294,29,22,0
brain_tumor_vit_10,0.11511887609958649,0.4016380310058594,0.648617980962104,27,22,0
brain_tumor_vit_10,0.10135634243488312,0.5410456657409668,0.4771719070825171,6,22,0
brain_tumor_vit_10,0.17393574118614197,0.4074941873550415,0.5475996089108447,7,23,0
brain_tumor_vit_10,0.12571841478347778,0.6116286516189575,0.5491118301102456,23,23,0
brain_tumor_vit_10,0.07767549902200699,0.12807360291481018,0.5218353208075178,8,23,0
brain_tumor_vit_10,0.10470034182071686,0.36559852957725525,0.48320586218478834,13,23,0
brain_tumor_vit_10,0.08543828874826431,0.3562566041946411,0.614554780594846,24,23,0
brain_tumor_vit_10,0.16670849919319153,0.6723495721817017,0.5108014082020902,16,23,0
brain_tumor_vit_10,0.11957797408103943,0.5902903079986572,0.5592274421707113,21,23,0
brain_tumor_vit_10,0.0691414624452591,0.12250024080276489,0.6451133356449452,18,23,0
brain_tumor_vit_10,0.1158066987991333,0.6559140682220459,0.6427285671234131,14,23,0
brain_tumor_vit_10,0.12308652698993683,0.35556018352508545,0.590525469564377,12,23,0
brain_tumor_vit_10,0.10903030633926392,0.45984435081481934,0.5039621746920525,0,23,0
brain_tumor_vit_10,0.11810769140720367,0.4147181212902069,0.5539343775586879,10,23,0
brain_tumor_vit_10,0.22391892969608307,1.1132183074951172,0.6033803830121426,3,23,0
brain_tumor_vit_10,0.10676563531160355,0.4913215637207031,0.5258725406007564,5,23,0
brain_tumor_vit_10,0.2754027843475342,0.9022367000579834,0.5897045420839432,9,23,0
brain_tumor_vit_10,0.3036070466041565,0.7285816669464111,0.5596569598989284,1,23,0
brain_tumor_vit_10,0.12695366144180298,0.598119854927063,0.6579287958906052,4,23,0
brain_tumor_vit_10,0.07022396475076675,0.33279260993003845,0.6110960359269,28,23,0
brain_tumor_vit_10,0.09877526015043259,0.3764657974243164,0.7051867861697014,17,23,0
brain_tumor_vit_10,0.1073998212814331,0.6444824934005737,0.5520647317171097,11,23,0
brain_tumor_vit_10,0.09345034509897232,0.26167359948158264,0.49364721679941137,2,23,0
brain_tumor_vit_10,0.08857911080121994,0.3019484877586365,0.47996118664741516,26,23,0
brain_tumor_vit_10,0.09699533134698868,0.33056116104125977,0.5620301181965686,20,23,0
brain_tumor_vit_10,0.19390404224395752,0.9051084518432617,0.5264299939921562,22,23,0
brain_tumor_vit_10,0.11070461571216583,0.7681280970573425,0.7141839557505668,15,23,0
brain_tumor_vit_10,0.08569779992103577,0.5879455208778381,0.48311502026750686,25,23,0
brain_tumor_vit_50,0.1294374093413353,0.4437410235404968,0.3910623727947153,0,23,0
brain_tumor_vit_10,0.09933046996593475,0.7184566259384155,0.6316920068669827,19,23,0
brain_tumor_vit_50,0.13202399760484695,0.28226396441459656,0.4114005459893134,1,23,0
brain_tumor_vit_10,0.07813612371683121,0.7331920862197876,0.524091290349656,29,23,0
brain_tumor_vit_10,0.10770153254270554,0.3963790535926819,0.6486642547744386,27,23,0
brain_tumor_vit_10,0.09470149129629135,0.5396221280097961,0.47555754444700604,6,23,0
brain_tumor_vit_10,0.16403143107891083,0.4070614278316498,0.5461945127933583,7,24,0
brain_tumor_vit_10,0.11795438081026077,0.6119954586029053,0.5477844546449945,23,24,0
brain_tumor_vit_10,0.09804293513298035,0.3614441752433777,0.4817387284116542,13,24,0
brain_tumor_vit_10,0.07248552143573761,0.12317553162574768,0.5211067878185435,8,24,0
brain_tumor_vit_10,0.1650557518005371,0.6732475757598877,0.5101460164531748,16,24,0
brain_tumor_vit_10,0.07999693602323532,0.3503357172012329,0.6140825694545786,24,24,0
brain_tumor_vit_10,0.11246215552091599,0.5907647609710693,0.5583979401816713,21,24,0
brain_tumor_vit_10,0.06428001821041107,0.11657671630382538,0.6467291899818055,18,24,0
brain_tumor_vit_10,0.11221258342266083,0.6570760607719421,0.6426848141436882,14,24,0
brain_tumor_vit_10,0.11538651585578918,0.3491063117980957,0.5898117660842044,12,24,0
brain_tumor_vit_10,0.10535804182291031,0.45843979716300964,0.5022452616311134,0,24,0
brain_tumor_vit_10,0.11042814701795578,0.40843239426612854,0.5517142947683943,10,24,0
brain_tumor_vit_10,0.22158600389957428,1.1175495386123657,0.6028759359045232,3,24,0
brain_tumor_vit_10,0.30059826374053955,0.7290264368057251,0.5585909317782585,1,24,0
brain_tumor_vit_10,0.10015157610177994,0.48990875482559204,0.5246004094468787,5,24,0
brain_tumor_vit_10,0.12329717725515366,0.6002075672149658,0.6582220120632902,4,24,0
brain_tumor_vit_10,0.27288371324539185,0.9032400846481323,0.5888870111171235,9,24,0
brain_tumor_vit_10,0.06542205810546875,0.3262665569782257,0.6134537759613483,28,24,0
brain_tumor_vit_10,0.09253351390361786,0.3688700199127197,0.7071069152431285,17,24,0
brain_tumor_vit_10,0.08699207007884979,0.25615090131759644,0.4918499814069017,2,24,0
brain_tumor_vit_10,0.08277440816164017,0.29245540499687195,0.47945262523407634,26,24,0
brain_tumor_vit_10,0.10366344451904297,0.649346113204956,0.5523569989711681,11,24,0
brain_tumor_vit_10,0.09053131192922592,0.32631099224090576,0.5619228995860891,20,24,0
brain_tumor_vit_10,0.19212043285369873,0.9060587286949158,0.5259912863690802,22,24,0
brain_tumor_vit_10,0.08015305548906326,0.5856672525405884,0.4804940103216374,25,24,0
brain_tumor_vit_10,0.10695798695087433,0.771327555179596,0.7168566216813758,15,24,0
brain_tumor_vit_50,0.12198025360703468,0.4398283362388611,0.3887622734551789,0,24,0
brain_tumor_vit_10,0.09286628663539886,0.7160323858261108,0.633770873571964,19,24,0
brain_tumor_vit_50,0.12349625676870346,0.280144065618515,0.40910827632873287,1,24,0
brain_tumor_vit_10,0.07285518199205399,0.7325923442840576,0.5236725395030164,29,24,0
brain_tumor_vit_10,0.10096220672130585,0.39139389991760254,0.648922585426493,27,24,0
brain_tumor_vit_10,0.08866884559392929,0.5383817553520203,0.47417792297424155,6,24,0
brain_tumor_vit_10,0.15489275753498077,0.40657150745391846,0.5449024124982509,7,25,0
brain_tumor_vit_10,0.11086369305849075,0.6125651001930237,0.5466062489976274,23,25,0
brain_tumor_vit_10,0.06780680269002914,0.11868654191493988,0.5205369639269849,8,25,0
brain_tumor_vit_10,0.07506072521209717,0.34482240676879883,0.6136109971619667,24,25,0
brain_tumor_vit_10,0.16343285143375397,0.6741687655448914,0.5094970784922863,16,25,0
brain_tumor_vit_10,0.09197241067886353,0.3572794497013092,0.48041222355467206,13,25,0
brain_tumor_vit_10,0.10594645887613297,0.5910215377807617,0.5580245716140625,21,25,0
brain_tumor_vit_10,0.059923745691776276,0.1111961379647255,0.6482975774622978,18,25,0
brain_tumor_vit_10,0.10882440209388733,0.6583446264266968,0.6426921797559616,14,25,0
brain_tumor_vit_10,0.10835658758878708,0.3429253101348877,0.5891910899192729,12,25,0
brain_tumor_vit_10,0.10344839096069336,0.40220940113067627,0.5497390770531715,10,25,0
brain_tumor_vit_10,0.1018877848982811,0.4567219913005829,0.5004451655327006,0,25,0
brain_tumor_vit_10,0.2976318895816803,0.7292449474334717,0.5580641478300095,1,25,0
brain_tumor_vit_10,0.2192893922328949,1.11970055103302,0.6026259533902432,3,25,0
brain_tumor_vit_10,0.09411315619945526,0.48861125111579895,0.5235015138032588,5,25,0
brain_tumor_vit_10,0.06110407039523125,0.3200434446334839,0.6157399980311699,28,25,0
brain_tumor_vit_10,0.1198139488697052,0.6021177768707275,0.6585192135039796,4,25,0
brain_tumor_vit_10,0.27039670944213867,0.9037415385246277,0.5884820400400365,9,25,0
brain_tumor_vit_10,0.08685652911663055,0.3617226481437683,0.709134928406553,17,25,0
brain_tumor_vit_10,0.0775245875120163,0.2834874093532562,0.47911829327015165,26,25,0
brain_tumor_vit_10,0.08468740433454514,0.32218340039253235,0.5619523068691822,20,25,0
brain_tumor_vit_10,0.10015944391489029,0.6542677879333496,0.5527522250058803,11,25,0
brain_tumor_vit_10,0.08118335157632828,0.25097358226776123,0.49028701604680813,2,25,0
brain_tumor_vit_10,0.19036810100078583,0.9070110321044922,0.5255570243647758,22,25,0
brain_tumor_vit_10,0.07512515783309937,0.583584189414978,0.47809324841550055,25,25,0
brain_tumor_vit_10,0.10344214737415314,0.7747038006782532,0.719466950031037,15,25,0
brain_tumor_vit_50,0.10933433845639229,0.43673205375671387,0.3869462530779582,0,25,0
brain_tumor_vit_10,0.0870019793510437,0.7136343717575073,0.6359080358388576,19,25,0
brain_tumor_vit_50,0.12364080920815468,0.2789462208747864,0.4071291194808099,1,25,0
brain_tumor_vit_10,0.06809783726930618,0.7320111393928528,0.5234218769251032,29,25,0
brain_tumor_vit_10,0.09482995420694351,0.38669902086257935,0.6494097845985535,27,25,0
brain_tumor_vit_10,0.0831933468580246,0.5373174548149109,0.4730210288407955,6,25,0
brain_tumor_vit_10,0.14645913243293762,0.40594831109046936,0.5436978676217668,7,26,0
brain_tumor_vit_10,0.06358147412538528,0.11457031965255737,0.5201072819689487,8,26,0
brain_tumor_vit_10,0.07057744264602661,0.3396778702735901,0.613152728752887,24,26,0
brain_tumor_vit_10,0.10438491404056549,0.6132818460464478,0.5455596783059709,23,26,0
brain_tumor_vit_10,0.1618381142616272,0.6751110553741455,0.508854477646503,16,26,0
brain_tumor_vit_10,0.08643515408039093,0.35317373275756836,0.4792283646603848,13,26,0
brain_tumor_vit_10,0.10291937738656998,0.5912942886352539,0.5576714721131832,21,26,0
brain_tumor_vit_10,0.05601442605257034,0.10630356520414352,0.6498365827063297,18,26,0
brain_tumor_vit_10,0.10562487691640854,0.6597142815589905,0.6427499414124387,14,26,0
brain_tumor_vit_10,0.10193487256765366,0.33700788021087646,0.5886546972584217,12,26,0
brain_tumor_vit_10,0.09709784388542175,0.39605095982551575,0.5479888776515393,10,26,0
brain_tumor_vit_10,0.09860549867153168,0.4547354578971863,0.4985794979841151,0,26,0
brain_tumor_vit_10,0.29616597294807434,0.7294598817825317,0.5575420415781914,1,26,0
brain_tumor_vit_10,0.21815578639507294,1.121838092803955,0.6023773734873914,3,26,0
brain_tumor_vit_10,0.08859644830226898,0.4874630272388458,0.5225524848445933,5,26,0
brain_tumor_vit_10,0.07277006655931473,0.27502042055130005,0.4789322874647506,26,26,0
brain_tumor_vit_10,0.05721485614776611,0.31409791111946106,0.6179373302358262,28,26,0
brain_tumor_vit_10,0.07939700037240982,0.31816914677619934,0.562097431180325,20,26,0
brain_tumor_vit_10,0.08168946951627731,0.3549884557723999,0.7112455089041527,17,26,0
brain_tumor_vit_10,0.2691662311553955,0.9042415022850037,0.588079846919851,9,26,0
brain_tumor_vit_10,0.11649195849895477,0.6029768586158752,0.6586667559248336,4,26,0
brain_tumor_vit_10,0.09686999022960663,0.6567190289497375,0.5529787137787393,11,26,0
brain_tumor_vit_10,0.07595054805278778,0.24610978364944458,0.4889296695907065,2,26,0
brain_tumor_vit_10,0.18864497542381287,0.907965898513794,0.5251269936561584,22,26,0
brain_tumor_vit_10,0.10013722628355026,0.7782288193702698,0.7220145666852911,15,26,0
brain_tumor_vit_10,0.07056161016225815,0.5816428661346436,0.4758826028159324,25,26,0
brain_tumor_vit_50,0.1142248883843422,0.43414339423179626,0.38532286369672386,0,26,0
brain_tumor_vit_10,0.08167806267738342,0.7113252878189087,0.6380807487888539,19,26,0
brain_tumor_vit_50,0.11312809959053993,0.2764900028705597,0.4051401102414695,1,26,0
brain_tumor_vit_10,0.08924051374197006,0.3823029398918152,0.6501298721166368,27,26,0
brain_tumor_vit_10,0.0638054758310318,0.7314644455909729,0.5233162942718952,29,26,0
brain_tumor_vit_10,0.07821659743785858,0.5364176034927368,0.47207222720409964,6,26,0
brain_tumor_vit_10,0.13867303729057312,0.40514200925827026,0.542561373177995,7,27,0
brain_tumor_vit_10,0.0665004700422287,0.3348628878593445,0.612722727529546,24,27,0
brain_tumor_vit_10,0.05975858122110367,0.11079304665327072,0.5198009318493783,8,27,0
brain_tumor_vit_10,0.09846096485853195,0.6140949726104736,0.5446278360929895,23,27,0
brain_tumor_vit_10,0.08138211071491241,0.3491935133934021,0.47818914309461064,13,27,0
brain_tumor_vit_10,0.16026994585990906,0.6760721802711487,0.5082181828453186,16,27,0
brain_tumor_vit_10,0.10006070137023926,0.5915806293487549,0.5573334110544083,21,27,0
brain_tumor_vit_10,0.05250068008899689,0.1018485277891159,0.6513637402590285,18,27,0
brain_tumor_vit_10,0.09606511890888214,0.33134281635284424,0.5881967915499464,12,27,0
brain_tumor_vit_10,0.10259859263896942,0.6611793637275696,0.6428567776654629,14,27,0
brain_tumor_vit_10,0.09549923241138458,0.4525269567966461,0.496667465630998,0,27,0
brain_tumor_vit_10,0.0913136899471283,0.38997435569763184,0.5464432791192481,10,27,0
brain_tumor_vit_10,0.29471302032470703,0.7296717762947083,0.557024247468786,1,27,0
brain_tumor_vit_10,0.08355254679918289,0.48650476336479187,0.5217320449808811,5,27,0
brain_tumor_vit_10,0.21703337132930756,1.1239640712738037,0.6021301977811976,3,27,0
brain_tumor_vit_10,0.07698220014572144,0.34863609075546265,0.7134131484843315,17,27,0
brain_tumor_vit_10,0.06845764070749283,0.2670338749885559,0.47887143556107864,26,27,0
brain_tumor_vit_10,0.26794537901878357,0.9047394394874573,0.5876801210515042,9,27,0
brain_tumor_vit_10,0.05370579659938812,0.3084115982055664,0.620036466641629,28,27,0
brain_tumor_vit_10,0.07460085302591324,0.31426435708999634,0.5623404142704416,20,27,0
brain_tumor_vit_10,0.11489592492580414,0.6037387251853943,0.6588102344502794,4,27,0
brain_tumor_vit_10,0.07122840732336044,0.24153149127960205,0.4877525742383713,2,27,0
brain_tumor_vit_10,0.09531138837337494,0.6591386795043945,0.5532183773974155,11,27,0
brain_tumor_vit_10,0.18694931268692017,0.9089246392250061,0.5247011073726289,22,27,0
brain_tumor_vit_10,0.09702559560537338,0.7818751931190491,0.7245003612751656,15,27,0
brain_tumor_vit_10,0.0664147436618805,0.5797990560531616,0.4738356445698028,25,27,0
brain_tumor_vit_50,0.10504840686917305,0.4316062927246094,0.3837434276137301,0,27,0
brain_tumor_vit_10,0.07683998346328735,0.7091614007949829,0.640267588673754,19,27,0
brain_tumor_vit_10,0.08413679152727127,0.3782069683074951,0.6510764255802682,27,27,0
brain_tumor_vit_50,0.11393895372748375,0.27394479513168335,0.4032827832045094,1,27,0
brain_tumor_vit_10,0.05992615222930908,0.7309697270393372,0.5233350538827003,29,27,0
brain_tumor_vit_10,0.07368646562099457,0.535668134689331,0.47131444196751776,6,27,0
brain_tumor_vit_10,0.13148120045661926,0.4041277766227722,0.5414791065961757,7,28,0
brain_tumor_vit_10,0.0627879798412323,0.33033934235572815,0.6123360205203929,24,28,0
brain_tumor_vit_10,0.09303925931453705,0.6149592399597168,0.5437948897163919,23,28,0
brain_tumor_vit_10,0.15872696042060852,0.6765599846839905,0.5079026891196028,16,28,0
brain_tumor_vit_10,0.056293223053216934,0.10732300579547882,0.5196027619407532,8,28,0
brain_tumor_vit_10,0.07676778733730316,0.3453964591026306,0.47729507564230167,13,28,0
brain_tumor_vit_10,0.09735628217458725,0.5918782353401184,0.557006262401317,21,28,0
brain_tumor_vit_10,0.04933708906173706,0.09778489917516708,0.6528947166305907,18,28,0
brain_tumor_vit_10,0.0906962901353836,0.3259168267250061,0.5878131617891028,12,28,0
brain_tumor_vit_10,0.09973181039094925,0.6627329587936401,0.6430107754595736,14,28,0
brain_tumor_vit_10,0.09255862981081009,0.45014384388923645,0.4947287938062181,0,28,0
brain_tumor_vit_10,0.0860399454832077,0.3840060532093048,0.5450817241947702,10,28,0
brain_tumor_vit_10,0.21592120826244354,1.12608003616333,0.6018844376853172,3,28,0
brain_tumor_vit_10,0.29327213764190674,0.7298811674118042,0.5565104364080632,1,28,0
brain_tumor_vit_10,0.07893691956996918,0.48577702045440674,0.5210209973949067,5,28,0
brain_tumor_vit_10,0.07268931716680527,0.34263741970062256,0.7156133461505809,17,28,0
brain_tumor_vit_10,0.26673364639282227,0.9052351713180542,0.587282583434531,9,28,0
brain_tumor_vit_10,0.06454003602266312,0.25950875878334045,0.47891519551581524,26,28,0
brain_tumor_vit_10,0.07024651020765305,0.31046828627586365,0.5626660908790345,20,28,0
brain_tumor_vit_10,0.11334970593452454,0.6044132113456726,0.6589502089835227,4,28,0
brain_tumor_vit_10,0.050534121692180634,0.3029716908931732,0.6220347015781605,28,28,0
brain_tumor_vit_10,0.09381885081529617,0.6615182161331177,0.5534655172774132,11,28,0
brain_tumor_vit_10,0.06695939600467682,0.23721398413181305,0.48673329423082634,2,28,0
brain_tumor_vit_10,0.1852795034646988,0.9094046950340271,0.5244895597087577,22,28,0
brain_tumor_vit_10,0.0940915048122406,0.783741295337677,0.7257091428371186,15,28,0
brain_tumor_vit_10,0.06264161318540573,0.578018069267273,0.4719302324538535,25,28,0
brain_tumor_vit_10,0.07243804633617401,0.7071900367736816,0.6424488923017014,19,28,0
brain_tumor_vit_50,0.10096412152051926,0.42830562591552734,0.38192336918205344,0,28,0
brain_tumor_vit_10,0.07946892082691193,0.3744065463542938,0.6522346880841763,27,28,0
brain_tumor_vit_50,0.09767336025834084,0.272318959236145,0.4016107074035111,1,28,0
brain_tumor_vit_10,0.05641402304172516,0.730543851852417,0.5234596206152693,29,28,0
brain_tumor_vit_10,0.06955660879611969,0.5350520610809326,0.4707285574776061,6,28,0
brain_tumor_vit_10,0.12483453750610352,0.4029037356376648,0.5404418646655185,7,29,0
brain_tumor_vit_10,0.059402357786893845,0.32607126235961914,0.6120060485728244,24,29,0
brain_tumor_vit_10,0.08807161450386047,0.6153917908668518,0.543409545053827,23,29,0
brain_tumor_vit_10,0.1579657793045044,0.6770533919334412,0.507589173443774,16,29,0
brain_tumor_vit_10,0.07255043089389801,0.34182822704315186,0.4765444515233344,13,29,0
brain_tumor_vit_10,0.09479368478059769,0.5921851396560669,0.5566868671077363,21,29,0
brain_tumor_vit_10,0.053146108984947205,0.10413096845149994,0.5194992423057556,8,29,0
brain_tumor_vit_10,0.08578148484230042,0.3207152783870697,0.5875003540769537,12,29,0
brain_tumor_vit_10,0.04648339003324509,0.09407087415456772,0.654442624208775,18,29,0
brain_tumor_vit_10,0.09701215475797653,0.6635480523109436,0.643107165364509,14,29,0
brain_tumor_vit_10,0.08977427333593369,0.4476330578327179,0.49278277856238345,0,29,0
brain_tumor_vit_10,0.08122676610946655,0.3781784176826477,0.5438837380485332,10,29,0
brain_tumor_vit_10,0.29184243083000183,0.7300885915756226,0.5560003550762825,1,29,0
brain_tumor_vit_10,0.26553022861480713,0.9057278633117676,0.5868869908946626,9,29,0
brain_tumor_vit_10,0.06628736108541489,0.3067825436592102,0.563061535358429,20,29,0
brain_tumor_vit_10,0.21481862664222717,1.128187894821167,0.6016401119054632,3,29,0
brain_tumor_vit_10,0.07470878213644028,0.48531433939933777,0.5204024419505545,5,29,0
brain_tumor_vit_10,0.06876954436302185,0.33696746826171875,0.7178234077514486,17,29,0
brain_tumor_vit_10,0.047662101686000824,0.29776981472969055,0.6239345676087319,28,29,0
brain_tumor_vit_10,0.11184962093830109,0.6050105094909668,0.6590871519230782,4,29,0
brain_tumor_vit_10,0.060975223779678345,0.252427339553833,0.4790455638728243,26,29,0
brain_tumor_vit_10,0.06309281289577484,0.2331358939409256,0.4858520655555928,2,29,0
brain_tumor_vit_10,0.09238696098327637,0.6638500690460205,0.5537149598623844,11,29,0
brain_tumor_vit_10,0.18445515632629395,0.9098853468894958,0.524278721593796,22,29,0
brain_tumor_vit_10,0.09269625693559647,0.7856383323669434,0.7268824228580962,15,29,0
brain_tumor_vit_10,0.059203892946243286,0.5762746334075928,0.47014863376921795,25,29,0
brain_tumor_vit_10,0.06842713057994843,0.7054477334022522,0.6446071806106162,19,29,0
brain_tumor_vit_50,0.1040465459227562,0.42387014627456665,0.37993571803133974,0,29,0
brain_tumor_vit_10,0.07519318163394928,0.3708909749984741,0.6535835034669714,27,29,0
brain_tumor_vit_10,0.053228624165058136,0.730201005935669,0.5236735128341837,29,29,0
brain_tumor_vit_50,0.11500190943479538,0.27065783739089966,0.40001002675102604,1,29,0
brain_tumor_vit_10,0.06578608602285385,0.534550666809082,0.4702938655589489,6,29,0
brain_tumor_vit_10,0.1186879351735115,0.4014856815338135,0.5394437294057075,7,30,0
brain_tumor_vit_10,0.05630987137556076,0.32202649116516113,0.6117436036150506,24,30,0
brain_tumor_vit_10,0.08576313406229019,0.6158114671707153,0.54304035768864,23,30,0
brain_tumor_vit_10,0.15721243619918823,0.6775519251823425,0.5072775378506235,16,30,0
brain_tumor_vit_10,0.06869183480739594,0.3385206460952759,0.47593309143756296,13,30,0
brain_tumor_vit_10,0.09236176311969757,0.5924992561340332,0.556372918664141,21,30,0
brain_tumor_vit_10,0.05028267204761505,0.10118979960680008,0.51947827446968,8,30,0
brain_tumor_vit_10,0.08127797394990921,0.31572237610816956,0.5872550045556211,12,30,0
brain_tumor_vit_10,0.043904099613428116,0.09066849201917648,0.6560176420719066,18,30,0
brain_tumor_vit_10,0.09571202844381332,0.6643961668014526,0.6432187642822874,14,30,0
brain_tumor_vit_10,0.08713730424642563,0.44503921270370483,0.49084763989803637,0,30,0
brain_tumor_vit_10,0.07682928442955017,0.37252458930015564,0.542829175578787,10,30,0
brain_tumor_vit_10,0.2904232442378998,0.7302942276000977,0.5554937428616463,1,30,0
brain_tumor_vit_10,0.2643347382545471,0.9062174558639526,0.5864931402054239,9,30,0
brain_tumor_vit_10,0.06268206238746643,0.303209125995636,0.5635156368321561,20,30,0
brain_tumor_vit_10,0.2137250304222107,1.1302889585494995,0.6013972426348544,3,30,0
brain_tumor_vit_10,0.04505656287074089,0.29280024766921997,0.6257423787040913,28,30,0
brain_tumor_vit_10,0.07083101570606232,0.4851421117782593,0.5198619077180294,5,30,0
brain_tumor_vit_10,0.11039260774850845,0.6055417656898499,0.6592213948990436,4,30,0
brain_tumor_vit_10,0.065185546875,0.3316039443016052,0.7200232189386448,17,30,0
brain_tumor_vit_10,0.05772578716278076,0.2457723617553711,0.47924686112302417,26,30,0
brain_tumor_vit_10,0.059583958238363266,0.22927817702293396,0.48509145765862566,2,30,0
brain_tumor_vit_10,0.1836388111114502,0.9103662967681885,0.5240685981004796,22,30,0
brain_tumor_vit_10,0.0910106673836708,0.6661272644996643,0.5539620613798182,11,30,0
brain_tumor_vit_10,0.09135685861110687,0.7875597476959229,0.7280233286796732,15,30,0
brain_tumor_vit_10,0.05606744810938835,0.574551522731781,0.4684771841510813,25,30,0
brain_tumor_vit_10,0.0647667646408081,0.7039607763290405,0.6467275860461783,19,30,0
brain_tumor_vit_10,0.07127149403095245,0.36764490604400635,0.6550969969719014,27,30,0
brain_tumor_vit_50,0.09988906234502792,0.4179111123085022,0.377782218879269,0,30,0
brain_tumor_vit_10,0.05033421516418457,0.7299517393112183,0.5239622285391422,29,30,0
brain_tumor_vit_50,0.09755241498351097,0.26812177896499634,0.39829246940151336,1,30,0
brain_tumor_vit_10,0.06233830377459526,0.5341438055038452,0.469988651415135,6,30,0
brain_tumor_vit_10,0.11300012469291687,0.39990299940109253,0.5384806451645303,7,31,0
brain_tumor_vit_10,0.05348045006394386,0.3181769847869873,0.6115563274063962,24,31,0
brain_tumor_vit_10,0.08358388394117355,0.6162120699882507,0.5426850147703861,23,31,0
brain_tumor_vit_10,0.1564663052558899,0.678054690361023,0.5069676834218045,16,31,0
brain_tumor_vit_10,0.0651572197675705,0.3354913592338562,0.47545450038098275,13,31,0
brain_tumor_vit_10,0.047672536224126816,0.09847469627857208,0.5195289682200614,8,31,0
brain_tumor_vit_10,0.0900503545999527,0.5926594734191895,0.5562156800259935,21,31,0
brain_tumor_vit_10,0.07714653760194778,0.3109227120876312,0.5870736158908682,12,31,0
brain_tumor_vit_10,0.09445841610431671,0.6652742028236389,0.643344409288244,14,31,0
brain_tumor_vit_10,0.041567787528038025,0.08754394948482513,0.657627080032166,18,31,0
brain_tumor_vit_10,0.08463937044143677,0.44240444898605347,0.4889399853158504,0,31,0
brain_tumor_vit_10,0.07280706614255905,0.36707526445388794,0.5418985371894025,10,31,0
brain_tumor_vit_10,0.2890140116214752,0.7303963899612427,0.5552418140020776,1,31,0
brain_tumor_vit_10,0.05939371883869171,0.2997503876686096,0.5640186978147385,20,31,0
brain_tumor_vit_10,0.26314663887023926,0.9064604640007019,0.5862968326249021,9,31,0
brain_tumor_vit_10,0.21263974905014038,1.1313360929489136,0.6012763599766061,3,31,0
brain_tumor_vit_10,0.06190365552902222,0.32652682065963745,0.722195750855385,17,31,0
brain_tumor_vit_10,0.10897572338581085,0.6060183048248291,0.6593531579413312,4,31,0
brain_tumor_vit_10,0.04268817976117134,0.2880587875843048,0.6274670796825531,28,31,0
brain_tumor_vit_10,0.06726979464292526,0.48527368903160095,0.5193874522092494,5,31,0
brain_tumor_vit_10,0.05475863069295883,0.23952633142471313,0.47950551706425687,26,31,0
brain_tumor_vit_10,0.05639355629682541,0.22562451660633087,0.4844361597553213,2,31,0
brain_tumor_vit_10,0.1828298717737198,0.9108481407165527,0.5238592228356828,22,31,0
brain_tumor_vit_10,0.08968542516231537,0.6683444380760193,0.5542027709331918,11,31,0
brain_tumor_vit_10,0.09006867557764053,0.7894987463951111,0.7291348874568939,15,31,0
brain_tumor_vit_10,0.05320177972316742,0.5728391408920288,0.4669057584189354,25,31,0
brain_tumor_vit_10,0.061420537531375885,0.7027451395988464,0.6487980954190518,19,31,0
brain_tumor_vit_10,0.06767035275697708,0.36464911699295044,0.656746006709464,27,31,0
brain_tumor_vit_50,0.12356413528323174,0.4111267924308777,0.37572836251028124,0,31,0
brain_tumor_vit_10,0.04769911989569664,0.7298025488853455,0.5243131049135898,29,31,0
brain_tumor_vit_50,0.09589090198278427,0.26523399353027344,0.3966455655072325,1,31,0
brain_tumor_vit_10,0.059180907905101776,0.5338106155395508,0.46979079411384905,6,31,0
brain_tumor_vit_10,0.10773273557424545,0.3981933891773224,0.5375493520751913,7,32,0
brain_tumor_vit_10,0.050887107849121094,0.3144989013671875,0.6114485206756186,24,32,0
brain_tumor_vit_10,0.08152265101671219,0.6165890097618103,0.5423416561902837,23,32,0
brain_tumor_vit_10,0.15572674572467804,0.6785615682601929,0.5066595508697185,16,32,0
brain_tumor_vit_10,0.04528895393013954,0.09596282988786697,0.519641546175835,8,32,0
brain_tumor_vit_10,0.08894375711679459,0.5928217172622681,0.5560558203687059,21,32,0
brain_tumor_vit_10,0.06191496178507805,0.332745224237442,0.4751002037144722,13,32,0
brain_tumor_vit_10,0.0733514204621315,0.30630117654800415,0.5869524155525451,12,32,0
brain_tumor_vit_10,0.03944671154022217,0.08466693758964539,0.659275528281293,18,32,0
brain_tumor_vit_10,0.09324752539396286,0.6661787033081055,0.6434829463350012,14,32,0
brain_tumor_vit_10,0.06912371516227722,0.36185717582702637,0.5410732699835554,10,32,0
brain_tumor_vit_10,0.08227228373289108,0.43976712226867676,0.48707453748013113,0,32,0
brain_tumor_vit_10,0.28831326961517334,0.7304978966712952,0.5549908866907688,1,32,0
brain_tumor_vit_10,0.05638953670859337,0.29640769958496094,0.5645621862817318,20,32,0
brain_tumor_vit_10,0.2625555992126465,0.9067015647888184,0.5861009023291,9,32,0
brain_tumor_vit_10,0.21210044622421265,1.132380723953247,0.601155827654169,3,32,0
brain_tumor_vit_10,0.05889361724257469,0.32171788811683655,0.7243272725571978,17,32,0
brain_tumor_vit_10,0.06399471312761307,0.4857105016708374,0.5189696401357651,5,32,0
brain_tumor_vit_10,0.0405312143266201,0.28354233503341675,0.6291190905773894,28,32,0
brain_tumor_vit_10,0.10759642720222473,0.6062338948249817,0.6594172088389701,4,32,0
brain_tumor_vit_10,0.05204435810446739,0.23367169499397278,0.4798099053032855,26,32,0
brain_tumor_vit_10,0.053486939519643784,0.2221604883670807,0.4838726609311205,2,32,0
brain_tumor_vit_10,0.1820276826620102,0.9113307595252991,0.5236506192608082,22,32,0
brain_tumor_vit_10,0.08840722590684891,0.6694185137748718,0.5543166928468867,11,32,0
brain_tumor_vit_10,0.08882760256528854,0.7914488315582275,0.7302200020627773,15,32,0
brain_tumor_vit_10,0.05057977885007858,0.5711330771446228,0.4654270680026805,25,32,0
brain_tumor_vit_10,0.06435997039079666,0.36188042163848877,0.6584994932438465,27,32,0
brain_tumor_vit_10,0.05835609883069992,0.701806902885437,0.650809608558391,19,32,0
brain_tumor_vit_10,0.04529552161693573,0.7297554016113281,0.5247151997495205,29,32,0
brain_tumor_vit_50,0.10063458234071732,0.4028136134147644,0.37363310350525764,0,32,0
brain_tumor_vit_50,0.08919952064752579,0.26208698749542236,0.3949282217410303,1,32,0
brain_tumor_vit_10,0.056284964084625244,0.5335304737091064,0.46967849515854043,6,32,0
brain_tumor_vit_10,0.04850582033395767,0.31097322702407837,0.611421340957601,24,33,0
brain_tumor_vit_10,0.10285025089979172,0.39639797806739807,0.5366465950265844,7,33,0
brain_tumor_vit_10,0.07956944406032562,0.6169387102127075,0.5420088685573415,23,33,0
brain_tumor_vit_10,0.15499339997768402,0.6790716052055359,0.5063530755169848,16,33,0
brain_tumor_vit_10,0.08787569403648376,0.592985987663269,0.5558934680959011,21,33,0
brain_tumor_vit_10,0.0431082546710968,0.09363344311714172,0.5198071614858952,8,33,0
brain_tumor_vit_10,0.058936718851327896,0.33027559518814087,0.47486027250898644,13,33,0
brain_tumor_vit_10,0.06986021995544434,0.3018442988395691,0.5868874737556945,12,33,0
brain_tumor_vit_10,0.09207602590322495,0.6671069264411926,0.6436331357727659,14,33,0
brain_tumor_vit_10,0.03751654177904129,0.08201056718826294,0.6609652353093979,18,33,0
brain_tumor_vit_10,0.28761544823646545,0.7305989265441895,0.554740845840028,1,33,0
brain_tumor_vit_10,0.065746009349823,0.3568907380104065,0.5403361938735272,10,33,0
brain_tumor_vit_10,0.2115635871887207,1.1334233283996582,0.6010356225231861,3,33,0
brain_tumor_vit_10,0.08002807945013046,0.43716195225715637,0.48526395540288153,0,33,0
brain_tumor_vit_10,0.05364019423723221,0.29318171739578247,0.5651385853899286,20,33,0
brain_tumor_vit_10,0.2619665563106537,0.9069409370422363,0.5859052862258668,9,33,0
brain_tumor_vit_10,0.10692238062620163,0.606429398059845,0.6594789719327967,4,33,0
brain_tumor_vit_10,0.056128229945898056,0.31716036796569824,0.7264074423211686,17,33,0
brain_tumor_vit_10,0.038562942296266556,0.2792479991912842,0.6307095514332994,28,33,0
brain_tumor_vit_10,0.06097837910056114,0.48644182085990906,0.5186012957958465,5,33,0
brain_tumor_vit_10,0.04955674707889557,0.22819006443023682,0.48015008137581194,26,33,0
brain_tumor_vit_10,0.18123173713684082,0.9118144512176514,0.5234428498339145,22,33,0
brain_tumor_vit_10,0.050833623856306076,0.218873530626297,0.48338913505381725,2,33,0
brain_tumor_vit_10,0.08778758347034454,0.6704574823379517,0.5544223725161654,11,33,0
brain_tumor_vit_10,0.08762998878955841,0.7934036254882812,0.7312814574292366,15,33,0
brain_tumor_vit_10,0.04817727580666542,0.5694332718849182,0.46403594378461227,25,33,0
brain_tumor_vit_10,0.06131364777684212,0.3593134582042694,0.66032575229381,27,33,0
brain_tumor_vit_10,0.05554473400115967,0.7011444568634033,0.6527558942424491,19,33,0
brain_tumor_vit_10,0.04309878125786781,0.7298082113265991,0.5251591373631295,29,33,0
brain_tumor_vit_50,0.08503439649939537,0.3948518633842468,0.3717399249153753,0,33,0
brain_tumor_vit_50,0.0919584110379219,0.2580011785030365,0.3930585233755009,1,33,0
brain_tumor_vit_10,0.0536244697868824,0.533283531665802,0.469630905922423,6,33,0
brain_tumor_vit_10,0.09831972420215607,0.3945581912994385,0.535768911559531,7,34,0
brain_tumor_vit_10,0.046315208077430725,0.30758506059646606,0.6114730406948861,24,34,0
brain_tumor_vit_10,0.07771531492471695,0.617258608341217,0.5416856379585063,23,34,0
brain_tumor_vit_10,0.15426573157310486,0.679327666759491,0.5062005177457282,16,34,0
brain_tumor_vit_10,0.08684294670820236,0.5931521058082581,0.5557288042408355,21,34,0
brain_tumor_vit_10,0.04110952094197273,0.09146783500909805,0.5200177472322545,8,34,0
brain_tumor_vit_10,0.06664358079433441,0.29754024744033813,0.5868748239380248,12,34,0
brain_tumor_vit_10,0.03575587645173073,0.07955113053321838,0.6626963342757936,18,34,0
brain_tumor_vit_10,0.09094089269638062,0.6680551767349243,0.6437937766313553,14,34,0
brain_tumor_vit_10,0.05619683489203453,0.328067421913147,0.4747237759701749,13,34,0
brain_tumor_vit_10,0.06264400482177734,0.35218971967697144,0.539671815773274,10,34,0
brain_tumor_vit_10,0.21102887392044067,1.1344643831253052,0.6009157591677726,3,34,0
brain_tumor_vit_10,0.28692013025283813,0.7306996583938599,0.55449160267698,1,34,0
brain_tumor_vit_10,0.07789888232946396,0.43461936712265015,0.48351875264593897,0,34,0
brain_tumor_vit_10,0.05111964792013168,0.29007208347320557,0.5657412114929645,20,34,0
brain_tumor_vit_10,0.2613793909549713,0.907178521156311,0.5857099072730287,9,34,0
brain_tumor_vit_10,0.05358320474624634,0.312838613986969,0.7284291684627533,17,34,0
brain_tumor_vit_10,0.10626072436571121,0.6066088676452637,0.659538635548125,4,34,0
brain_tumor_vit_10,0.0472726933658123,0.22306282818317413,0.480517641026923,26,34,0
brain_tumor_vit_10,0.03676319867372513,0.27517247200012207,0.6322494900607049,28,34,0
brain_tumor_vit_10,0.05819626897573471,0.487446129322052,0.5182772326342603,5,34,0
brain_tumor_vit_10,0.1804414987564087,0.9120563268661499,0.523339256644249,22,34,0
brain_tumor_vit_10,0.04840674251317978,0.21575234830379486,0.48297517033333476,2,34,0
brain_tumor_vit_10,0.08647244423627853,0.7943798303604126,0.731800949953972,15,34,0
brain_tumor_vit_10,0.08718349039554596,0.6714624166488647,0.5545196650510139,11,34,0
brain_tumor_vit_10,0.04597248509526253,0.5677422285079956,0.462728721347261,25,34,0
brain_tumor_vit_10,0.052960895001888275,0.7007482051849365,0.654633289956032,19,34,0
brain_tumor_vit_10,0.05850716680288315,0.35692155361175537,0.662193664845,27,34,0
brain_tumor_vit_10,0.04108716547489166,0.7299548983573914,0.5256369196354075,29,34,0
brain_tumor_vit_50,0.0798533633351326,0.3891037404537201,0.37038569873379124,0,34,0
brain_tumor_vit_50,0.08102284371852875,0.2556943893432617,0.3915013629262165,1,34,0
brain_tumor_vit_10,0.051176346838474274,0.5330510139465332,0.46962875032678564,6,34,0
brain_tumor_vit_10,0.09411072731018066,0.3927120864391327,0.53491262711109,7,35,0
brain_tumor_vit_10,0.04429629445075989,0.3043231666088104,0.6115994279054885,24,35,0
brain_tumor_vit_10,0.07595232129096985,0.6174017190933228,0.5415266314719586,23,35,0
brain_tumor_vit_10,0.15390415489673615,0.6795845031738281,0.5060484441036873,16,35,0
brain_tumor_vit_10,0.08584272861480713,0.5933194160461426,0.5555620944880425,21,35,0
brain_tumor_vit_10,0.03927415981888771,0.08944892138242722,0.520266038940308,8,35,0
brain_tumor_vit_10,0.06367521733045578,0.29337984323501587,0.5869104795633479,12,35,0
brain_tumor_vit_10,0.03414596989750862,0.07726778090000153,0.664467288141555,18,35,0
brain_tumor_vit_10,0.053672388195991516,0.32609823346138,0.4746792474959759,13,35,0
brain_tumor_vit_10,0.0898393765091896,0.6685374975204468,0.6438781099116548,14,35,0
brain_tumor_vit_10,0.28622713685035706,0.7308003902435303,0.5542430811105891,1,35,0
brain_tumor_vit_10,0.059790611267089844,0.34776172041893005,0.5390666713739963,10,35,0
brain_tumor_vit_10,0.21049612760543823,1.1355044841766357,0.6007962087367443,3,35,0
brain_tumor_vit_10,0.07587713748216629,0.43216565251350403,0.4818473664369989,0,35,0
brain_tumor_vit_10,0.051236823201179504,0.30873799324035645,0.730388379794486,17,35,0
brain_tumor_vit_10,0.04880455136299133,0.2870771288871765,0.5663642265061115,20,35,0
brain_tumor_vit_10,0.10561046749353409,0.6067759394645691,0.6595963867420845,4,35,0
brain_tumor_vit_10,0.2607939839363098,0.9074145555496216,0.5855147286932519,9,35,0
brain_tumor_vit_10,0.04517157003283501,0.21827077865600586,0.4809055318857761,26,35,0
brain_tumor_vit_10,0.055626533925533295,0.48869383335113525,0.5179938100119854,5,35,0
brain_tumor_vit_10,0.18004867434501648,0.9122986793518066,0.5232357937604823,22,35,0
brain_tumor_vit_10,0.03511425480246544,0.2713116407394409,0.6337494406294315,28,35,0
brain_tumor_vit_10,0.046182580292224884,0.2127869725227356,0.4826216333089991,2,35,0
brain_tumor_vit_10,0.08659355342388153,0.6724346280097961,0.5546085333570521,11,35,0
brain_tumor_vit_10,0.08591046184301376,0.7953529357910156,0.7323098442655929,15,35,0
brain_tumor_vit_10,0.043945953249931335,0.5660642385482788,0.46150267124176025,25,35,0
brain_tumor_vit_10,0.050582047551870346,0.7006031274795532,0.6564404374741494,19,35,0
brain_tumor_vit_10,0.055918578058481216,0.3546775281429291,0.6640737326221263,27,35,0
brain_tumor_vit_50,0.0769430361688137,0.3826572597026825,0.3690921087418833,0,35,0
brain_tumor_vit_10,0.039241425693035126,0.7301866412162781,0.5261418242403801,29,35,0
brain_tumor_vit_50,0.07184506021440029,0.2541273236274719,0.39021965701092953,1,35,0
brain_tumor_vit_10,0.048919737339019775,0.5328165888786316,0.46965478836221897,6,35,0
brain_tumor_vit_10,0.04243220388889313,0.3011798560619354,0.6117943912110431,24,36,0
brain_tumor_vit_10,0.09019507467746735,0.39089280366897583,0.5340741565252872,7,36,0
brain_tumor_vit_10,0.0751081258058548,0.617527961730957,0.5413683386559182,23,36,0
brain_tumor_vit_10,0.15354420244693756,0.6798420548439026,0.5058967848407462,16,36,0
brain_tumor_vit_10,0.037585653364658356,0.08756165206432343,0.5205454674172909,8,36,0
brain_tumor_vit_10,0.0848725289106369,0.5934879779815674,0.5553936714187582,21,36,0
brain_tumor_vit_10,0.060931503772735596,0.289355605840683,0.5869906224468922,12,36,0
brain_tumor_vit_10,0.032670337706804276,0.07514224201440811,0.6662752098859624,18,36,0
brain_tumor_vit_10,0.08930269628763199,0.6690266132354736,0.6439654865163438,14,36,0
brain_tumor_vit_10,0.05134272947907448,0.3243418037891388,0.4747151253705329,13,36,0
brain_tumor_vit_10,0.057161420583724976,0.3436077833175659,0.5385094922273717,10,36,0
brain_tumor_vit_10,0.2855362892150879,0.7309008836746216,0.5539952136100607,1,36,0
brain_tumor_vit_10,0.07395537197589874,0.42982250452041626,0.4802562600754677,0,36,0
brain_tumor_vit_10,0.20996509492397308,1.1365439891815186,0.6006769705960091,3,36,0
brain_tumor_vit_10,0.10497069358825684,0.6069343090057373,0.6596523618444483,4,36,0
brain_tumor_vit_10,0.04667416587471962,0.2841944098472595,0.567002534866333,20,36,0
brain_tumor_vit_10,0.04906967654824257,0.304844468832016,0.7322835659093045,17,36,0
brain_tumor_vit_10,0.26020997762680054,0.9076490998268127,0.585319700393271,9,36,0
brain_tumor_vit_10,0.04323507845401764,0.2137942761182785,0.48130788828464266,26,36,0
brain_tumor_vit_10,0.05324959754943848,0.4901479482650757,0.5177484798304578,5,36,0
brain_tumor_vit_10,0.03360036760568619,0.267660915851593,0.6352188942280221,28,36,0
brain_tumor_vit_10,0.17965750396251678,0.9125410318374634,0.5231324627678445,22,36,0
brain_tumor_vit_10,0.04414021223783493,0.20996835827827454,0.4823205268129389,2,36,0
brain_tumor_vit_10,0.0860164687037468,0.6733752489089966,0.5546889945547632,11,36,0
brain_tumor_vit_10,0.04208014905452728,0.5644046068191528,0.4603555811212418,25,36,0
brain_tumor_vit_10,0.08536206930875778,0.7963224053382874,0.7328093724047884,15,36,0
brain_tumor_vit_10,0.04838816821575165,0.7006896734237671,0.658177875774972,19,36,0
brain_tumor_vit_10,0.05352770909667015,0.35255497694015503,0.6659390187643944,27,36,0
brain_tumor_vit_50,0.06760169379413128,0.37627390027046204,0.36788137753804523,0,36,0
brain_tumor_vit_10,0.03754453733563423,0.7304922342300415,0.5266681865174719,29,36,0
brain_tumor_vit_50,0.08369319513440132,0.2541303038597107,0.3893028502502749,1,36,0
brain_tumor_vit_10,0.046836115419864655,0.5325658321380615,0.469694214615416,6,36,0
brain_tumor_vit_10,0.08654704689979553,0.3891270160675049,0.5332503581934787,7,37,0
brain_tumor_vit_10,0.04070795327425003,0.29815006256103516,0.6120503192886393,24,37,0
brain_tumor_vit_10,0.07429361343383789,0.6176378130912781,0.5412108089695585,23,37,0
brain_tumor_vit_10,0.15318560600280762,0.6801000833511353,0.5057454990579727,16,37,0
brain_tumor_vit_10,0.03602932021021843,0.08579229563474655,0.5208501812625439,8,37,0
brain_tumor_vit_10,0.08393006771802902,0.593572735786438,0.555308351174314,21,37,0
brain_tumor_vit_10,0.05839136987924576,0.28546223044395447,0.5871115260301752,12,37,0
brain_tumor_vit_10,0.08877734839916229,0.6695214509963989,0.6440555687914503,14,37,0
brain_tumor_vit_10,0.04918947443366051,0.32276925444602966,0.4748200980272699,13,37,0
brain_tumor_vit_10,0.03131451830267906,0.07315848022699356,0.6681161142410116,18,37,0
brain_tumor_vit_10,0.05473462864756584,0.33972370624542236,0.5379912761297632,10,37,0
brain_tumor_vit_10,0.28484731912612915,0.7309513092041016,0.5538715117789329,1,37,0
brain_tumor_vit_10,0.07212664932012558,0.4276079833507538,0.47875010681913255,0,37,0
brain_tumor_vit_10,0.20943564176559448,1.1370635032653809,0.6006174785025576,3,37,0
brain_tumor_vit_10,0.04471006989479065,0.2814207673072815,0.567651796214124,20,37,0
brain_tumor_vit_10,0.10434048622846603,0.6070871353149414,0.6597066965508969,4,37,0
brain_tumor_vit_10,0.047064512968063354,0.30114465951919556,0.7341154154310835,17,37,0
brain_tumor_vit_10,0.25962743163108826,0.9077655076980591,0.5852222097046832,9,37,0
brain_tumor_vit_10,0.04144694656133652,0.20961372554302216,0.48171988668593957,26,37,0
brain_tumor_vit_10,0.032207656651735306,0.2642144560813904,0.6366662513068382,28,37,0
brain_tumor_vit_10,0.05104795843362808,0.49094995856285095,0.5176393196303793,5,37,0
brain_tumor_vit_10,0.1792677938938141,0.9127839207649231,0.5230292662027034,22,37,0
brain_tumor_vit_10,0.04226105660200119,0.2072882056236267,0.4820648786869455,2,37,0
brain_tumor_vit_10,0.08545112609863281,0.6742857694625854,0.5547611256863209,11,37,0
brain_tumor_vit_10,0.0848260372877121,0.7972872257232666,0.7333007410485693,15,37,0
brain_tumor_vit_10,0.0403592512011528,0.5627683401107788,0.45928543742666855,25,37,0
brain_tumor_vit_10,0.046361394226551056,0.7009845972061157,0.6598476675596643,19,37,0
brain_tumor_vit_10,0.05131623521447182,0.35052913427352905,0.667765884640369,27,37,0
brain_tumor_vit_50,0.07080382108688354,0.37350165843963623,0.36713431423069326,0,37,0
brain_tumor_vit_10,0.035981498658657074,0.7308589220046997,0.5272112425337446,29,37,0
brain_tumor_vit_50,0.0706854872405529,0.25563544034957886,0.38873899127206496,1,37,0
brain_tumor_vit_10,0.04490872472524643,0.5322875380516052,0.4697348893956935,6,37,0
brain_tumor_vit_10,0.03911023959517479,0.2952306568622589,0.612358587853452,24,38,0
brain_tumor_vit_10,0.08314335346221924,0.38743454217910767,0.5324388136889072,7,38,0
brain_tumor_vit_10,0.07350616157054901,0.6177322268486023,0.5410542104472505,23,38,0
brain_tumor_vit_10,0.15282824635505676,0.6803587675094604,0.5055945376132397,16,38,0
brain_tumor_vit_10,0.0834704264998436,0.5936576724052429,0.5552216441707408,21,38,0
brain_tumor_vit_10,0.05603596568107605,0.2816961407661438,0.5872696422516032,12,38,0
brain_tumor_vit_10,0.034592121839523315,0.08412888646125793,0.5211749964572013,8,38,0
brain_tumor_vit_10,0.08826232701539993,0.6700213551521301,0.6441480362034858,14,38,0
brain_tumor_vit_10,0.04719599708914757,0.3213517367839813,0.47498338907322984,13,38,0
brain_tumor_vit_10,0.030065923929214478,0.07130256295204163,0.6699852490044654,18,38,0
brain_tumor_vit_10,0.2845034897327423,0.7310016751289368,0.553747944375302,1,38,0
brain_tumor_vit_10,0.052490606904029846,0.33610042929649353,0.537505233858494,10,38,0
brain_tumor_vit_10,0.20917153358459473,1.1375828981399536,0.6005580269909919,3,38,0
brain_tumor_vit_10,0.07038411498069763,0.4255359470844269,0.4773318995820715,0,38,0
brain_tumor_vit_10,0.04289576783776283,0.27875247597694397,0.5683083309138075,20,38,0
